,time,open,high,low,close,volume,quoteVolume
0,2020-07-01 01:00:00,9118.52387858,9126.50209999,9118.52387858,9125.74783401,0.09013950,822.18837207
1,2020-07-01 01:05:00,9127.96113813,9129.99999999,9113.52575763,9118.49868437,0.68791879,6276.88672835
2,2020-07-01 01:10:00,9113.62500003,9118.07099998,9111.66478468,9117.63952983,0.38963978,3552.53598916
3,2020-07-01 01:15:00,9111.66478488,9120.46204235,9111.66478488,9115.94059990,0.71957329,6557.43791304
4,2020-07-01 01:20:00,9115.94059986,9115.94059986,9107.65779332,9115.94057611,0.03170823,289.03516426
5,2020-07-01 01:25:00,9108.62500385,9112.63899651,9101.83340000,9101.83340001,1.99498746,18163.99195008
6,2020-07-01 01:30:00,9101.81263735,9118.56456582,9098.41226411,9110.72500295,2.80151169,25511.40845262
7,2020-07-01 01:35:00,9118.16207413,9120.63382343,9099.78971749,9120.63382343,5.50690272,50187.84726539
8,2020-07-01 01:40:00,9120.63382342,9120.63390000,9112.66253920,9118.20200000,0.82375355,7512.58526053
9,2020-07-01 01:45:00,9118.53538539,9120.48894226,9113.28000005,9120.48894226,0.05698027,519.64378899
10,2020-07-01 01:50:00,9121.34207015,9126.99869999,9120.63300021,9121.78710000,0.63997978,5840.04535254
11,2020-07-01 01:55:00,9121.78709999,9121.78709999,9117.96901355,9121.75345436,0.03652763,333.09228753
12,2020-07-01 02:00:00,9127.26723592,9127.26723592,9118.94100555,9119.75225517,0.40872433,3729.10552641
13,2020-07-01 02:05:00,9126.14699993,9126.14699993,9110.69170005,9119.73594249,0.80218357,7314.85759048
14,2020-07-01 02:10:00,9128.90044853,9142.08148824,9123.78690000,9138.51499758,0.97778922,8929.97165392
15,2020-07-01 02:15:00,9146.00499645,9146.70339165,9137.13700007,9137.13700007,0.47461215,4340.73712952
16,2020-07-01 02:20:00,9138.46400005,9144.74878528,9138.46400001,9143.68853879,0.04613454,421.66468997
17,2020-07-01 02:25:00,9146.70339168,9147.14875373,9137.00000000,9137.70388927,0.22452869,2051.79285297
18,2020-07-01 02:30:00,9136.78600010,9145.30420000,9136.78600010,9140.05050000,0.24180445,2210.14524488
19,2020-07-01 02:35:00,9140.45517870,9140.92814726,9132.49874586,9132.49874586,0.48124995,4397.53641776
20,2020-07-01 02:40:00,9132.93150973,9135.00000000,9132.93150973,9135.00000000,0.67139250,6133.03007762
21,2020-07-01 02:45:00,9135.00000000,9135.00000000,9134.51556734,9134.96299999,0.32774555,2993.94348221
22,2020-07-01 02:50:00,9129.02330021,9134.51556734,9129.02330021,9129.02330028,0.50591238,4619.98173990
23,2020-07-01 02:55:00,9129.41558557,9132.32200000,9129.41558557,9132.32200000,0.03373073,307.96782023
24,2020-07-01 03:00:00,9132.32200006,9135.00000000,9132.32200006,9135.00000000,0.33843019,3091.29800018
25,2020-07-01 03:05:00,9135.00000000,9135.44499999,9128.82340006,9135.29126227,0.16225057,1482.11127315
26,2020-07-01 03:10:00,9135.22116504,9138.20257807,9129.92310005,9137.57681428,0.19186939,1752.68057533
27,2020-07-01 03:15:00,9137.02104264,9137.02104264,9133.22210003,9133.22210003,0.00305059,27.86516282
28,2020-07-01 03:20:00,9137.02104067,9137.02104067,9128.92300003,9132.00000000,0.50950838,4653.86451096
29,2020-07-01 03:25:00,9130.00282979,9134.22992578,9130.00282979,9130.54177425,0.21347412,1949.14345906
30,2020-07-01 03:30:00,9130.95492942,9141.55700000,9118.62100001,9118.62100001,0.47449029,4333.32023527
31,2020-07-01 03:35:00,9124.12548309,9128.89077993,9124.12548297,9128.89077993,0.07969512,727.15829249
32,2020-07-01 03:40:00,9120.92570024,9127.44799811,9120.92570024,9126.91504046,0.02514084,229.46330580
33,2020-07-01 03:45:00,9126.46921780,9132.33617876,9126.22410003,9127.01498825,0.52127771,4759.28151131
34,2020-07-01 03:50:00,9127.40647070,9132.33615528,9127.40647070,9128.65644767,0.07003955,639.30376106
35,2020-07-01 03:55:00,9128.64814034,9142.44726398,9128.64814034,9142.34799994,0.56863597,5194.45784106
36,2020-07-01 04:00:00,9141.13725161,9154.46699998,9137.96625762,9145.83280674,0.92060821,8419.81991566
37,2020-07-01 04:05:00,9147.95912180,9152.95699998,9145.83280670,9147.21405551,0.25401271,2323.53948776
38,2020-07-01 04:10:00,9149.69162738,9151.74300000,9143.71900297,9146.02567841,0.65945489,6033.21109338
39,2020-07-01 04:15:00,9150.78236613,9155.87913493,9141.67300000,9153.04596239,0.75540051,6907.84660300
40,2020-07-01 04:20:00,9152.22724078,9157.36879994,9149.71100001,9149.81100644,0.34702544,3175.64253543
41,2020-07-01 04:25:00,9154.32986614,9158.46483460,9142.91900991,9152.31600949,0.37888278,3467.55071228
42,2020-07-01 04:30:00,9158.46482760,9159.99999998,9152.01600342,9152.01600342,0.35247344,3227.10280397
43,2020-07-01 04:35:00,9157.87000000,9157.87000000,9147.41790007,9153.18956482,0.13718574,1255.81809876
44,2020-07-01 04:40:00,9147.61700002,9160.00000000,9147.61700002,9154.42148990,0.47638741,4361.31734184
45,2020-07-01 04:45:00,9159.99999999,9159.99999999,9154.99890004,9159.54214800,0.53593545,4908.74871390
46,2020-07-01 04:50:00,9152.68600798,9155.00000000,9152.68600798,9154.99999998,0.13221308,1210.37097171
47,2020-07-01 04:55:00,9154.99999998,9154.99999998,9148.14001483,9149.05885461,0.35230264,3224.46085476
48,2020-07-01 05:00:00,9149.05885461,9152.06599997,9143.01900002,9151.30399367,0.03942507,360.65767041
49,2020-07-01 05:05:00,9151.30399367,9151.30399367,9145.09779799,9148.46298258,0.04909952,449.16360764
50,2020-07-01 05:10:00,9148.46298253,9150.78155192,9141.58188845,9144.51560536,1.10290205,10086.38962882
51,2020-07-01 05:15:00,9137.52080001,9145.46700000,9131.65200006,9145.46699487,0.43465787,3971.79234502
52,2020-07-01 05:20:00,9144.45164330,9144.45164330,9138.49381969,9139.02040002,0.21108356,1929.18626582
53,2020-07-01 05:25:00,9140.63304762,9145.63799995,9137.25600005,9145.23131670,0.03414009,312.01276240
54,2020-07-01 05:30:00,9144.78873202,9145.22291583,9140.10000667,9144.35455207,0.49377762,4514.26488764
55,2020-07-01 05:35:00,9144.57130312,9145.64941888,9144.57130312,9145.10740016,0.15524511,1419.72707642
56,2020-07-01 05:40:00,9152.25438033,9152.25438033,9145.23131572,9145.63426871,0.63645976,5824.50508645
57,2020-07-01 05:45:00,9145.63426871,9146.57426322,9145.23132288,9146.33919972,0.63044582,5765.92899714
58,2020-07-01 05:50:00,9145.39913242,9151.63198761,9145.39913242,9145.49900005,0.28958931,2648.47755758
59,2020-07-01 05:55:00,9145.49900006,9150.65399312,9145.49900005,9150.65398194,0.18692962,1709.77471904
60,2020-07-01 06:00:00,9145.49900005,9149.96655119,9129.47706298,9129.57700000,1.77845920,16249.54246668
61,2020-07-01 06:05:00,9129.57700722,9140.72299337,9129.57700006,9137.38399994,0.76749984,7007.61447525
62,2020-07-01 06:10:00,9137.38399980,9137.38399980,9121.94583689,9129.99999999,1.23623706,11282.03329384
63,2020-07-01 06:15:00,9127.99999998,9135.69399999,9127.41685174,9135.69399999,0.35280226,3221.84901340
64,2020-07-01 06:20:00,9135.27590671,9135.59157969,9128.53000000,9128.53000000,0.96559085,8818.48417068
65,2020-07-01 06:25:00,9135.27590004,9136.20639359,9135.27590004,9135.27590005,0.77095280,7042.86755735
66,2020-07-01 06:30:00,9136.19559815,9140.62296272,9131.05300004,9135.19110278,1.07257082,9797.73498565
67,2020-07-01 06:35:00,9135.19110298,9136.67400707,9135.19110297,9136.57490611,0.58969397,5387.68847769
68,2020-07-01 06:40:00,9134.08600813,9136.99405910,9134.08600813,9136.88691408,0.07146368,652.88281220
69,2020-07-01 06:45:00,9136.88690167,9143.64698545,9136.18502030,9136.18502836,0.24582231,2246.27423003
70,2020-07-01 06:50:00,9136.18502836,9142.67699999,9136.18502836,9136.88690005,0.68526186,6262.16604924
71,2020-07-01 06:55:00,9136.88690008,9141.09339566,9136.50224973,9136.50224973,0.01429282,130.60710187
72,2020-07-01 07:00:00,9136.50224972,9139.89399999,9133.74100004,9134.17660543,0.11142746,1018.38926072
73,2020-07-01 07:05:00,9134.17660543,9146.59498914,9134.17660541,9142.53700007,0.43238549,3953.98084638
74,2020-07-01 07:10:00,9142.53700013,9143.08466879,9141.43760006,9142.52920695,0.01083844,99.08433451
75,2020-07-01 07:15:00,9143.07888701,9146.40100000,9143.07888701,9146.40100000,0.11861468,1084.54448498
76,2020-07-01 07:20:00,9145.94376433,9153.59669427,9145.94376433,9147.13480011,0.13107655,1199.34898953
77,2020-07-01 07:25:00,9147.23400010,9154.17065815,9147.23400010,9150.08901670,0.52682852,4822.56985210
78,2020-07-01 07:30:00,9150.87206968,9154.17065951,9144.23924514,9148.43410009,0.15519391,1420.57336015
79,2020-07-01 07:35:00,9151.69775472,9151.69775472,9146.37400009,9151.19599994,0.03757801,343.84176858
80,2020-07-01 07:40:00,9144.18800001,9151.09600000,9144.18800001,9144.70136472,0.79262648,7249.28059259
81,2020-07-01 07:45:00,9145.52224671,9147.09500000,9144.70136472,9144.70136472,0.19331794,1767.84025965
82,2020-07-01 07:50:00,9144.89190996,9146.99500000,9141.64600001,9145.15999999,0.63603493,5815.88987491
83,2020-07-01 07:55:00,9145.25949997,9145.25949997,9134.09523801,9139.15780000,0.52299734,4778.85901421
84,2020-07-01 08:00:00,9131.65790004,9138.21014269,9131.65790004,9137.15140163,0.63866021,5832.99300116
85,2020-07-01 08:05:00,9137.15140163,9144.18849734,9136.90540309,9144.18849734,0.60604910,5540.38035844
86,2020-07-01 08:10:00,9143.35370823,9150.85712896,9143.35370823,9150.85712522,0.83223549,7611.51665803
87,2020-07-01 08:15:00,9147.54360000,9147.54360000,9141.98560010,9143.02829272,0.46171063,4221.10796286
88,2020-07-01 08:20:00,9147.74359999,9160.00000000,9142.18550000,9157.07690003,3.72671133,34114.47199535
89,2020-07-01 08:25:00,9160.00000000,9169.44659631,9158.02200001,9161.57370003,5.88291953,53900.40985181
90,2020-07-01 08:30:00,9163.94431071,9174.94690000,9162.25200004,9162.25200004,0.55886378,5125.00947147
91,2020-07-01 08:35:00,9162.25200016,9169.91999998,9162.25200016,9168.23075707,0.44729918,4100.25014231
92,2020-07-01 08:40:00,9168.91791808,9182.35193244,9168.23075718,9179.53037214,0.46093425,4228.98606795
93,2020-07-01 08:45:00,9179.53037214,9191.51020407,9175.00000014,9187.46199621,1.61670205,14855.32134922
94,2020-07-01 08:50:00,9187.88825012,9187.88825012,9169.49775736,9177.61199999,1.00634900,9239.14656599
95,2020-07-01 08:55:00,9176.13799771,9176.74290239,9166.57400006,9168.21890728,0.62170618,5704.49870492
96,2020-07-01 09:00:00,9170.40000004,9182.54733004,9170.40000004,9181.44495048,0.11691641,1072.97251230
97,2020-07-01 09:05:00,9178.16107312,9185.54999158,9178.16107304,9178.16107304,0.41810987,3838.36060986
98,2020-07-01 09:10:00,9178.16107303,9181.64499995,9170.59974380,9178.28554258,0.31393671,2881.09032431
99,2020-07-01 09:15:00,9178.27334022,9178.43719998,9167.09120989,9168.94690903,0.02806540,257.33282129
100,2020-07-01 09:20:00,9169.42987854,9174.38947725,9169.42987854,9173.82789998,0.40046840,3672.25630909
101,2020-07-01 09:25:00,9170.34920580,9173.82789992,9168.41218305,9168.41218305,0.38758818,3554.17582953
102,2020-07-01 09:30:00,9168.89112319,9168.89112319,9161.22700003,9161.22700003,0.23425606,2147.63384560
103,2020-07-01 09:35:00,9168.92690000,9168.92690000,9161.68049817,9167.84559988,0.09774726,896.13380801
104,2020-07-01 09:40:00,9167.84559979,9167.84559979,9160.85960004,9167.64597196,0.18360502,1683.07122738
105,2020-07-01 09:45:00,9167.62409995,9167.62409996,9156.66201504,9163.47299634,0.41916669,3841.07687770
106,2020-07-01 09:50:00,9157.07901314,9163.37299999,9154.74100259,9163.37299999,0.12666263,1159.93171826
107,2020-07-01 09:55:00,9154.76300001,9167.52497365,9154.76300001,9167.52497365,0.15999044,1465.70554289
108,2020-07-01 10:00:00,9161.60571647,9171.35599177,9161.58000131,9171.35599177,0.09532782,874.16188080
109,2020-07-01 10:05:00,9170.94537664,9173.83309999,9170.94537664,9173.83309999,0.21233521,1947.92462252
110,2020-07-01 10:10:00,9171.13260000,9171.33480000,9157.51032390,9157.51032390,0.63571574,5829.98593611
111,2020-07-01 10:15:00,9157.56320004,9157.56320004,9146.76840007,9149.86690002,2.17118452,19876.43287923
112,2020-07-01 10:20:00,9150.13346452,9150.13346452,9147.16820001,9150.13346444,0.38232217,3498.26789940
113,2020-07-01 10:25:00,9149.69972198,9153.51549999,9146.55390002,9148.21630173,0.23301752,2132.47542311
114,2020-07-01 10:30:00,9150.11714611,9159.31769694,9150.11710003,9159.31769286,0.86949340,7956.87038464
115,2020-07-01 10:35:00,9152.45912195,9152.88616160,9152.45912195,9152.88616160,0.00603223,55.21020504
116,2020-07-01 10:40:00,9152.35999656,9152.35999656,9144.44109818,9148.58289999,0.62370849,5706.53311568
117,2020-07-01 10:45:00,9148.48299998,9156.51709566,9147.74242997,9156.51709566,0.15084064,1380.14684151
118,2020-07-01 10:50:00,9150.44070002,9156.51709289,9148.56366824,9148.56366824,0.45302791,4145.92965131
119,2020-07-01 10:55:00,9149.59929026,9152.31609990,9146.11683491,9152.21609999,0.45571451,4168.77202936
120,2020-07-01 11:00:00,9141.15760001,9148.11509959,9141.15760001,9141.86787353,0.24262565,2219.49736134
121,2020-07-01 11:05:00,9146.31469990,9146.31469990,9137.45355247,9142.20379999,0.22380644,2046.18347195
122,2020-07-01 11:10:00,9142.21379999,9142.21379999,9135.16070008,9142.10499993,1.07226079,9802.60034831
123,2020-07-01 11:15:00,9142.10499094,9142.20408167,9134.90360937,9140.80200004,3.01695250,27574.44207872
124,2020-07-01 11:20:00,9140.80200008,9150.96079995,9140.80200008,9148.30000639,0.62056333,5675.50904152
125,2020-07-01 11:25:00,9148.30001226,9153.59880017,9148.00001730,9149.96029999,0.82480336,7549.37535055
126,2020-07-01 11:30:00,9151.46200000,9151.46200000,9141.13300249,9141.13300249,0.44609062,4081.61756916
127,2020-07-01 11:35:00,9144.33300726,9152.34606024,9144.33300726,9149.09179644,1.67915734,15359.00069230
128,2020-07-01 11:40:00,9145.14707611,9150.19499202,9144.31029826,9147.76000003,0.36172778,3309.40643331
129,2020-07-01 11:45:00,9149.88886710,9154.10170043,9149.88886710,9153.71301070,0.51840346,4745.11200471
130,2020-07-01 11:50:00,9155.50500181,9160.77280000,9155.50500181,9156.27029701,0.37413021,3426.36348916
131,2020-07-01 11:55:00,9156.79900004,9162.37369996,9156.79900004,9162.37369996,0.36111606,3306.96788064
132,2020-07-01 12:00:00,9158.10000458,9161.92119853,9154.95330005,9154.95330006,0.59692564,5467.04650159
133,2020-07-01 12:05:00,9155.40480223,9156.29479999,9148.43120010,9148.43120010,0.11832591,1083.01773474
134,2020-07-01 12:10:00,9151.33100001,9155.89459999,9149.85870001,9155.65300702,0.70723256,6472.25741534
135,2020-07-01 12:15:00,9148.43120010,9150.31949999,9142.00000000,9142.00000000,0.28596363,2615.29367943
136,2020-07-01 12:20:00,9142.38891820,9142.59200000,9138.23760554,9140.00000000,0.35708380,3264.24540109
137,2020-07-01 12:25:00,9139.71384649,9145.29298813,9138.23760556,9140.00000000,1.01720955,9300.15676033
138,2020-07-01 12:30:00,9144.16289216,9151.03520154,9140.37522016,9148.57630001,1.10700664,10125.47214255
139,2020-07-01 12:35:00,9148.57630000,9151.03517840,9141.69080000,9141.69080000,0.61006133,5579.97926535
140,2020-07-01 12:40:00,9141.69080004,9148.54898667,9140.48470001,9140.48470001,0.19362344,1770.12418288
141,2020-07-01 12:45:00,9143.69873200,9148.28000000,9140.48470005,9148.28000000,0.20195440,1846.77024204
142,2020-07-01 12:50:00,9148.53856698,9151.03520154,9148.00970000,9149.91320003,0.57195610,5233.08466486
143,2020-07-01 12:55:00,9149.91320003,9163.72269999,9149.91320003,9158.65200389,1.13648653,10408.11462785
144,2020-07-01 13:00:00,9158.65201075,9164.35713495,9155.80000004,9160.56790003,0.46593171,4266.82907384
145,2020-07-01 13:05:00,9158.86850000,9165.48000000,9158.86850000,9165.48000000,0.68663036,6291.51131266
146,2020-07-01 13:10:00,9157.59770003,9163.79550106,9153.89900005,9157.63784367,1.86497844,17082.99208777
147,2020-07-01 13:15:00,9159.13839994,9159.13839994,9152.17260012,9156.00999999,0.39270704,3595.17816605
148,2020-07-01 13:20:00,9155.70818173,9158.15509994,9151.19000005,9153.71114863,0.23904969,2188.28669548
149,2020-07-01 13:25:00,9154.02376220,9156.78870002,9154.02376220,9156.08890002,0.18571384,1700.23672674
150,2020-07-01 13:30:00,9156.24452754,9186.88614749,9156.18600000,9186.88614749,1.12652689,10333.65700012
151,2020-07-01 13:35:00,9178.39000001,9193.71822395,9170.99080000,9170.99080000,2.48915496,22858.56941502
152,2020-07-01 13:40:00,9176.27000000,9248.00000000,9176.27000000,9228.84200003,12.84571031,118313.88871976
153,2020-07-01 13:45:00,9228.99600000,9245.59160000,9212.87558200,9213.08000008,2.43205961,22420.15031469
154,2020-07-01 13:50:00,9217.50938762,9245.52000000,9214.93220002,9214.93220002,7.90488458,72948.03957857
155,2020-07-01 13:55:00,9222.56571356,9222.56571356,9204.73350000,9211.77950000,1.11730801,10289.07476296
156,2020-07-01 14:00:00,9214.28080000,9226.47759999,9214.28080000,9219.94237808,0.55393265,5107.17242448
157,2020-07-01 14:05:00,9216.48240035,9221.14929997,9215.24619997,9221.14929979,0.30948028,2852.60961977
158,2020-07-01 14:10:00,9220.19230599,9231.94196186,9215.34000641,9231.91069679,1.09346393,10090.46256710
159,2020-07-01 14:15:00,9229.05853532,9232.46635419,9220.09340451,9220.09340451,0.71102675,6561.41061446
160,2020-07-01 14:20:00,9220.59770438,9224.10829476,9220.59770438,9221.09310313,0.09659534,890.91665962
161,2020-07-01 14:25:00,9221.09310313,9236.95309568,9221.09300000,9233.36499999,2.20272697,20326.21709966
162,2020-07-01 14:30:00,9238.15850402,9245.13081143,9232.04061022,9238.65229998,1.94353774,17958.09057349
163,2020-07-01 14:35:00,9236.18853234,9240.38649998,9229.36008653,9231.26929955,0.30728740,2837.60105948
164,2020-07-01 14:40:00,9232.95921419,9239.89999999,9229.19389998,9229.19389998,0.03352997,309.68576858
165,2020-07-01 14:45:00,9231.64363576,9231.64363576,9221.88919996,9225.29139998,0.50656808,4672.00051711
166,2020-07-01 14:50:00,9221.88929999,9223.38999211,9221.88929995,9223.38999207,0.12885420,1188.39251586
167,2020-07-01 14:55:00,9223.17571513,9223.17571513,9215.27630002,9215.27630455,0.58512475,5396.21973185
168,2020-07-01 15:00:00,9221.88930000,9225.39149985,9213.89533237,9223.79039684,1.09056778,10051.64306209
169,2020-07-01 15:05:00,9223.79039684,9233.25999998,9223.00000522,9231.00000000,0.67024977,6185.61693922
170,2020-07-01 15:10:00,9228.69320702,9230.49062101,9224.01000003,9230.49062101,0.36698288,3386.56331818
171,2020-07-01 15:15:00,9231.04019138,9236.99899999,9229.67730151,9231.77460000,0.42151764,3892.01101821
172,2020-07-01 15:20:00,9230.14950004,9231.47460455,9225.95000000,9229.99798655,0.16903172,1560.21626512
173,2020-07-01 15:25:00,9229.89800000,9234.99999998,9229.89800000,9232.00000000,3.58488422,33093.26409978
174,2020-07-01 15:30:00,9231.57377915,9247.99999999,9231.57377915,9245.00000000,0.95021657,8779.62112529
175,2020-07-01 15:35:00,9247.99999999,9257.09000000,9247.99999999,9248.90000000,3.80673111,35223.56798211
176,2020-07-01 15:40:00,9248.27779059,9250.17938626,9242.84520002,9248.31750183,0.72110021,6668.33119506
177,2020-07-01 15:45:00,9247.57719998,9251.93489491,9243.51880007,9251.93489491,0.15572572,1440.17537674
178,2020-07-01 15:50:00,9244.91350001,9250.63398274,9244.91350000,9250.63398274,0.16337959,1510.77117464
179,2020-07-01 15:55:00,9250.46260661,9263.85000000,9243.24053378,9263.85000000,1.58879225,14707.44237206
180,2020-07-01 16:00:00,9263.81608326,9269.99999998,9241.45739999,9244.79037289,1.87146448,17331.54352015
181,2020-07-01 16:05:00,9246.37399464,9250.26599999,9244.35096961,9250.26599999,0.49080067,4538.13955949
182,2020-07-01 16:10:00,9252.16719999,9274.92099525,9252.16719999,9271.88620001,3.24620945,30079.88431830
183,2020-07-01 16:15:00,9273.29152356,9273.29152356,9263.24600002,9263.24600002,0.28456031,2637.31765108
184,2020-07-01 16:20:00,9267.04623766,9272.93569999,9267.04623766,9269.99990000,0.58702860,5441.44741579
185,2020-07-01 16:25:00,9269.87598644,9279.99999996,9266.13119998,9269.78455360,0.43892181,4070.19420084
186,2020-07-01 16:30:00,9266.13119999,9279.89998888,9266.13119999,9276.71300001,1.35377528,12554.68407034
187,2020-07-01 16:35:00,9277.01290001,9285.34999998,9276.21300001,9282.36190005,0.70688025,6560.18166145
188,2020-07-01 16:40:00,9284.49889898,9288.00000000,9277.26400000,9286.06048489,1.46599220,13611.19169764
189,2020-07-01 16:45:00,9286.06048489,9287.35740000,9275.58530001,9275.58530001,2.70287811,25087.15351155
190,2020-07-01 16:50:00,9273.18100003,9278.11347478,9271.79800002,9273.14600000,1.47439644,13673.46240851
191,2020-07-01 16:55:00,9276.84509251,9285.94176904,9273.75399564,9279.88800001,0.98119853,9104.10188965
192,2020-07-01 17:00:00,9285.94176904,9285.94999428,9279.49400006,9279.49400007,0.34829397,3233.54904534
193,2020-07-01 17:05:00,9281.33639997,9281.84740000,9270.00000000,9270.00000000,1.08035621,10025.21487508
194,2020-07-01 17:10:00,9270.00000000,9272.35807996,9265.18944322,9269.16066171,0.43236789,4006.58083051
195,2020-07-01 17:15:00,9264.31300003,9273.80567832,9264.31300000,9268.01200004,0.68746910,6370.14404301
196,2020-07-01 17:20:00,9271.24205156,9272.96429999,9266.59000002,9268.80900456,1.21302436,11245.11026060
197,2020-07-01 17:25:00,9268.80900454,9268.80900456,9265.91320003,9268.80900455,0.13765922,1275.90729477
198,2020-07-01 17:30:00,9268.44000000,9277.83478823,9268.44000000,9277.83478823,0.42193127,3912.39597362
199,2020-07-01 17:35:00,9277.13526485,9284.60348207,9258.07830522,9279.11820006,6.50292603,60277.82865812
200,2020-07-01 17:40:00,9284.59481652,9284.59481652,9275.81940001,9283.91701461,0.12057087,1118.75229299
201,2020-07-01 17:45:00,9278.77413228,9284.61348972,9278.77413228,9281.49040001,0.21640325,2008.91960498
202,2020-07-01 17:50:00,9284.61349210,9284.61349211,9281.90522297,9284.20445250,0.16824262,1561.83823919
203,2020-07-01 17:55:00,9284.33337990,9294.72300395,9283.34174653,9283.99999997,7.43237826,69029.65590747
204,2020-07-01 18:00:00,9284.63612180,9286.58081320,9269.55600002,9272.44156259,0.67598245,6268.69765753
205,2020-07-01 18:05:00,9272.44156258,9278.39687308,9268.63630000,9272.72990002,3.38653100,31405.55264573
206,2020-07-01 18:10:00,9278.29700000,9279.18569998,9268.93010010,9274.98280000,1.51632005,14062.97670458
207,2020-07-01 18:15:00,9274.98279998,9279.05111661,9267.93010023,9276.37149998,1.16629072,10819.64046079
208,2020-07-01 18:20:00,9276.37149999,9277.74383473,9273.44320003,9277.74383472,0.03976732,368.89461791
209,2020-07-01 18:25:00,9277.74383472,9279.58898939,9265.94190001,9271.04280000,0.77508228,7189.75855596
210,2020-07-01 18:30:00,9272.27664376,9273.99999996,9266.34474111,9270.29269999,1.54112948,14284.46024070
211,2020-07-01 18:35:00,9267.99999999,9268.00000000,9262.92608975,9264.88889997,0.23216438,2151.68302701
212,2020-07-01 18:40:00,9264.88889994,9264.88889994,9251.84400014,9255.08190000,0.34383903,3182.12744025
213,2020-07-01 18:45:00,9255.08189997,9260.38569990,9248.60585488,9260.38569984,0.58886649,5451.13444721
214,2020-07-01 18:50:00,9260.38569983,9260.38569984,9255.73529062,9255.73529062,0.60014949,5555.73949417
215,2020-07-01 18:55:00,9256.10355930,9258.50058915,9252.96020000,9258.16421450,0.10256555,949.54603246
216,2020-07-01 19:00:00,9258.15421452,9258.15421452,9246.94750000,9252.58090000,3.97011467,36726.93837241
217,2020-07-01 19:05:00,9252.58080002,9262.79399244,9252.58080002,9260.47618625,0.23828485,2206.02471105
218,2020-07-01 19:10:00,9260.91151972,9269.29299390,9260.91151972,9268.50093659,0.14774232,1369.03364373
219,2020-07-01 19:15:00,9268.50093118,9268.50093118,9255.50470003,9257.00440002,0.94765376,8773.91015068
220,2020-07-01 19:20:00,9257.00440003,9265.89025838,9257.00440002,9264.96635551,0.20815969,1927.21435601
221,2020-07-01 19:25:00,9266.28850000,9266.43910434,9261.79350002,9265.33570000,0.72675623,6733.36947302
222,2020-07-01 19:30:00,9264.78034642,9267.17089606,9259.96400000,9267.17089606,0.07187649,665.83592325
223,2020-07-01 19:35:00,9267.25650714,9271.43899998,9257.55000000,9257.55000000,0.13171134,1219.48528656
224,2020-07-01 19:40:00,9262.19900000,9265.04472453,9255.95530000,9265.04472453,0.78442857,7262.91500536
225,2020-07-01 19:45:00,9259.97457781,9259.97457781,9257.48260005,9259.97457781,0.26396387,2444.29278890
226,2020-07-01 19:50:00,9253.28924774,9258.32459999,9253.28924774,9258.21077841,0.18651784,1726.83262469
227,2020-07-01 19:55:00,9258.21077841,9258.21077843,9233.64120000,9245.66378846,1.46371745,13530.26795948
228,2020-07-01 20:00:00,9241.91980000,9245.56170000,9232.06571535,9245.56170000,4.99652312,46145.68925394
229,2020-07-01 20:05:00,9245.56170000,9251.64300000,9240.27300007,9251.64300000,0.67733506,6262.43271630
230,2020-07-01 20:10:00,9246.71379995,9246.71380000,9239.68240009,9246.57003829,0.58422598,5402.14705307
231,2020-07-01 20:15:00,9243.80710000,9251.35140000,9238.37910024,9249.08130000,0.55125476,5097.34537152
232,2020-07-01 20:20:00,9250.47099683,9256.20488662,9248.40407531,9254.05570000,0.29714646,2749.18502782
233,2020-07-01 20:25:00,9253.37815792,9258.71080000,9253.37815792,9257.96499791,0.80860441,7484.98778461
234,2020-07-01 20:30:00,9257.96330848,9257.96330848,9246.20742848,9249.67567805,1.19885421,11088.13608006
235,2020-07-01 20:35:00,9246.20742848,9255.39079995,9239.44300004,9254.95577031,1.70354402,15757.69761619
236,2020-07-01 20:40:00,9253.49019996,9253.49019996,9248.35000005,9249.62058744,0.19882015,1839.41928810
237,2020-07-01 20:45:00,9246.58810000,9248.18719978,9239.55680007,9247.89403181,0.21903704,2025.34752621
238,2020-07-01 20:50:00,9246.48669990,9246.48669990,9233.76055218,9238.79005445,0.79074735,7306.90473392
239,2020-07-01 20:55:00,9238.79005445,9238.79005445,9231.25728356,9236.80278870,0.62489265,5770.47350016
240,2020-07-01 21:00:00,9235.04520000,9235.04520000,9231.25728356,9235.04519371,1.87462213,17308.87867338
241,2020-07-01 21:05:00,9235.04519795,9245.13391211,9231.57820002,9234.40209997,1.88802678,17436.86970205
242,2020-07-01 21:10:00,9234.40209997,9236.02139999,9231.00007000,9233.22029977,0.34261224,3163.42111464
243,2020-07-01 21:15:00,9231.61970000,9231.61970000,9221.33970003,9225.65238976,0.83747490,7728.49684478
244,2020-07-01 21:20:00,9225.65238975,9245.46699998,9225.65238975,9239.16369997,0.51190707,4726.58893623
245,2020-07-01 21:25:00,9234.13740004,9238.62123867,9234.13740003,9236.56229999,0.51320885,4740.01498048
246,2020-07-01 21:30:00,9235.99114449,9235.99114449,9224.93950004,9231.95989999,0.17230034,1590.52910223
247,2020-07-01 21:35:00,9231.46798171,9237.24451271,9226.63910005,9237.24451271,0.26660113,2461.46838799
248,2020-07-01 21:40:00,9236.49127065,9246.16000000,9234.84368687,9244.94469996,0.79632590,7356.03775036
249,2020-07-01 21:45:00,9238.57948688,9246.44549999,9231.63790000,9231.63790000,0.87320074,8069.04115209
250,2020-07-01 21:50:00,9231.63789995,9235.80430000,9230.83667307,9234.98931525,0.52792957,4874.36128137
251,2020-07-01 21:55:00,9230.83667326,9236.42580001,9230.83667326,9236.42580001,0.32442681,2996.30517650
252,2020-07-01 22:00:00,9237.41740000,9242.80759099,9235.97900012,9238.00000000,0.75197778,6947.07729521
253,2020-07-01 22:05:00,9241.70699489,9241.70699489,9236.79361047,9237.91654071,0.33287896,3075.16343725
254,2020-07-01 22:10:00,9232.57950005,9238.37673496,9226.78040003,9234.76589989,1.49021553,13759.83965286
255,2020-07-01 22:15:00,9234.76589973,9234.76589973,9224.60360002,9224.60360002,0.90751126,8378.23414326
256,2020-07-01 22:20:00,9233.34613209,9245.63259999,9228.37173917,9228.85549891,1.89917418,17536.76713394
257,2020-07-01 22:25:00,9226.00340007,9229.72437416,9224.90360001,9224.90360001,0.02152097,198.56094061
258,2020-07-01 22:30:00,9225.26213391,9226.89500000,9211.81000000,9222.84861960,2.49624542,23009.00527359
259,2020-07-01 22:35:00,9221.86623159,9228.78078620,9221.86623159,9223.42020002,0.19323348,1782.19643148
260,2020-07-01 22:40:00,9222.62040008,9230.56845098,9222.62040008,9230.56845098,0.21190256,1955.75608411
261,2020-07-01 22:45:00,9228.83163857,9229.72195900,9228.83163857,9229.05419788,0.03885461,358.61457883
262,2020-07-01 22:50:00,9229.05419788,9237.74300000,9229.05419788,9232.21790014,0.70983378,6555.17212233
263,2020-07-01 22:55:00,9233.91740022,9245.81632653,9232.17531430,9245.54679987,1.33044702,12295.35371819
264,2020-07-01 23:00:00,9245.54679987,9245.54679987,9236.91660012,9241.12407135,0.72499259,6699.65734046
265,2020-07-01 23:05:00,9241.61196943,9243.74589994,9237.41650003,9241.81530012,0.22883325,2115.18736573
266,2020-07-01 23:10:00,9247.04749987,9251.46400000,9239.12380270,9251.46400000,0.62587137,5786.21082336
267,2020-07-01 23:15:00,9244.25000009,9248.46750000,9244.25000009,9247.06669995,0.23757053,2196.85086678
268,2020-07-01 23:20:00,9247.00000001,9247.36690000,9238.65369106,9246.99999994,2.62349064,24256.99600168
269,2020-07-01 23:25:00,9244.04855989,9244.04855989,9240.12657259,9240.59210000,0.86390665,7983.94034629
270,2020-07-01 23:30:00,9246.09279998,9246.99999994,9239.06180000,9242.39672190,0.89308671,8255.25818837
271,2020-07-01 23:35:00,9244.68579999,9244.68579999,9236.88149999,9236.88149999,0.53767782,4968.14880023
272,2020-07-01 23:40:00,9236.34843500,9237.69720000,9227.55873498,9227.55873498,0.52752400,4871.56624624
273,2020-07-01 23:45:00,9230.52240001,9232.43086592,9222.90520349,9228.34319997,0.41465872,3827.58335219
274,2020-07-01 23:50:00,9223.69824354,9232.21414018,9223.69824354,9228.55313113,0.36843839,3399.84180591
275,2020-07-01 23:55:00,9228.55313112,9233.05590000,9223.16700006,9232.40182454,0.22254216,2053.77866152
276,2020-07-02 00:00:00,9233.05589999,9236.34120000,9222.79600001,9234.13700000,1.51065962,13941.71880430
277,2020-07-02 00:05:00,9234.13700000,9242.39672190,9234.13700000,9237.19084729,0.23745020,2194.22945367
278,2020-07-02 00:10:00,9237.19084732,9237.86389998,9228.77047860,9236.06309999,0.58834439,5433.65321478
279,2020-07-02 00:15:00,9234.87665492,9237.26359998,9230.87000008,9233.30655285,0.26410638,2438.47093193
280,2020-07-02 00:20:00,9232.97790601,9237.78742440,9232.86634041,9237.78742440,0.21340064,1971.13487321
281,2020-07-02 00:25:00,9237.56389233,9240.07530480,9237.56389233,9238.04788311,0.54902315,5071.85810270
282,2020-07-02 00:30:00,9238.42729704,9242.39670916,9237.78000003,9237.78000003,0.40767111,3766.82592461
283,2020-07-02 00:35:00,9237.78000007,9237.78000007,9225.46000000,9228.51452176,0.59713525,5511.40320747
284,2020-07-02 00:40:00,9228.17896692,9228.36998610,9220.19160002,9228.36998610,0.03668897,338.51317229
285,2020-07-02 00:45:00,9228.36998610,9228.65455434,9223.70940294,9228.65455434,0.22537628,2079.66669309
286,2020-07-02 00:50:00,9228.48500000,9228.48500000,9222.89070008,9225.09318341,1.02845602,9486.04998820
287,2020-07-02 00:55:00,9222.36900002,9227.07916608,9218.66326534,9222.19300005,0.06310787,581.89173446
288,2020-07-02 01:00:00,9226.82207341,9229.65346196,9218.66326532,9229.15999999,1.23320084,11379.74454792
289,2020-07-02 01:05:00,9227.23283257,9233.41339999,9226.39100005,9231.83000000,0.16199140,1495.32196077
290,2020-07-02 01:10:00,9228.01129996,9230.52419999,9228.01129996,9228.01129996,1.28831383,11888.65380322
291,2020-07-02 01:15:00,9228.01129996,9232.02853457,9222.59100001,9227.32212084,1.86912391,17248.78557605
292,2020-07-02 01:20:00,9231.82999999,9234.21625787,9229.26346608,9232.39550462,0.28442607,2626.33727449
293,2020-07-02 01:25:00,9233.46500000,9237.04379475,9230.41900434,9237.04379474,0.62156943,5740.63984890
294,2020-07-02 01:30:00,9226.39847373,9232.34109997,9225.44587574,9232.34109997,1.26884344,11706.90867412
295,2020-07-02 01:35:00,9231.64069833,9235.14523194,9223.12080000,9235.14522850,0.92844700,8568.96698472
296,2020-07-02 01:40:00,9234.66891820,9234.66891820,9228.44700008,9233.82478004,0.84433978,7795.69536019
297,2020-07-02 01:45:00,9233.36427148,9237.78000002,9230.00990000,9237.78000002,0.23887447,2205.25542137
298,2020-07-02 01:50:00,9231.11200277,9240.12024057,9231.11200002,9236.28000003,0.82191832,7592.23397372
299,2020-07-02 01:55:00,9241.80889996,9242.39672191,9235.88000006,9242.39672191,0.15087908,1393.97963056
300,2020-07-02 02:00:00,9242.39670001,9249.56092381,9242.39670001,9249.46099998,0.01333022,123.26371654
301,2020-07-02 02:05:00,9251.98500000,9257.09099998,9248.14600004,9248.14600004,0.59021555,5461.15228452
302,2020-07-02 02:10:00,9251.02609997,9251.02609997,9244.50883211,9250.92699999,0.40730110,3765.71850288
303,2020-07-02 02:15:00,9251.24945283,9257.68802791,9250.36050002,9254.05940000,0.72307881,6691.12941366
304,2020-07-02 02:20:00,9253.81500000,9259.04088774,9253.71540003,9254.81510000,0.54281822,5025.03892187
305,2020-07-02 02:25:00,9254.81507910,9254.81507910,9247.79240001,9253.42929995,0.40509766,3748.71946005
306,2020-07-02 02:30:00,9247.89200005,9251.32849999,9244.96742335,9251.32849999,0.06841350,632.88192749
307,2020-07-02 02:35:00,9248.97863597,9248.97999999,9244.29360005,9246.59280002,0.27690831,2560.10033694
308,2020-07-02 02:40:00,9247.77672499,9252.86299997,9243.79380002,9245.69310002,0.04049818,374.59400808
309,2020-07-02 02:45:00,9245.69310003,9249.92789392,9241.90472957,9244.02000000,0.64108954,5927.22131116
310,2020-07-02 02:50:00,9243.63839403,9247.75700001,9241.90472958,9242.79410004,0.16120453,1490.55168812
311,2020-07-02 02:55:00,9245.22374124,9245.22379994,9238.29570002,9244.99997613,0.54038513,4994.43713025
312,2020-07-02 03:00:00,9238.29570003,9242.52499983,9236.09600002,9239.90999999,0.33009774,3049.47082506
313,2020-07-02 03:05:00,9239.58756623,9242.42499997,9237.83900002,9237.83900002,0.08748913,808.58631902
314,2020-07-02 03:10:00,9243.00000000,9243.79525017,9243.00000000,9243.00000000,0.38348057,3544.54259108
315,2020-07-02 03:15:00,9243.00000000,9247.62399999,9242.23201389,9247.62399999,0.40530199,3746.10070923
316,2020-07-02 03:20:00,9247.14673173,9247.70568810,9241.33810588,9247.13967437,0.13538253,1251.65609537
317,2020-07-02 03:25:00,9247.67049999,9249.27119997,9242.00000000,9242.00000000,0.36501259,3374.03015347
318,2020-07-02 03:30:00,9242.00000000,9242.00000000,9233.14110001,9234.64000000,0.35886891,3314.17958586
319,2020-07-02 03:35:00,9234.54060000,9239.86800000,9230.41340003,9230.41340003,0.20908010,1930.54788229
320,2020-07-02 03:40:00,9230.41340004,9237.06799994,9230.02550248,9237.06799979,0.31777690,2933.64691939
321,2020-07-02 03:45:00,9237.06799979,9237.06799979,9231.55370000,9231.55370000,0.13007310,1200.96435007
322,2020-07-02 03:50:00,9231.95523739,9234.00000001,9231.00773329,9234.00000001,2.57229348,23751.70123887
323,2020-07-02 03:55:00,9234.00000005,9238.46299994,9234.00000005,9238.46299985,0.30638696,2829.38373988
324,2020-07-02 04:00:00,9236.16229996,9237.86280000,9231.44256697,9231.44256697,0.31535548,2911.73176430
325,2020-07-02 04:05:00,9231.44256699,9237.86280000,9231.44256699,9235.83457530,0.29989722,2769.22710011
326,2020-07-02 04:10:00,9235.83457530,9242.74096584,9235.83457529,9242.74096584,1.83209556,16929.08126274
327,2020-07-02 04:15:00,9237.81959877,9238.65770689,9237.81959877,9237.92131670,0.22617907,2089.51049926
328,2020-07-02 04:20:00,9238.16853986,9238.65770687,9235.81744018,9236.23283849,0.91841197,8483.76046676
329,2020-07-02 04:25:00,9236.63597232,9238.65770689,9231.30202304,9231.30202304,0.12162666,1123.07482731
330,2020-07-02 04:30:00,9231.30202303,9233.95260000,9228.55646482,9232.35399997,0.01766820,163.09196461
331,2020-07-02 04:35:00,9227.33114319,9235.35309998,9227.33114319,9235.35309998,1.77361306,16374.79391555
332,2020-07-02 04:40:00,9231.70048920,9237.17059999,9231.70048920,9235.93196189,0.27787600,2566.63274524
333,2020-07-02 04:45:00,9227.83530561,9232.35519996,9225.33450285,9230.63209491,0.47079240,4345.87796837
334,2020-07-02 04:50:00,9231.11630331,9233.46770000,9226.14601869,9227.10400580,1.35471740,12505.69973964
335,2020-07-02 04:55:00,9228.16200001,9236.53469996,9228.16200001,9236.53469996,0.46277943,4270.83606853
336,2020-07-02 05:00:00,9229.93276903,9234.33409997,9228.44890839,9232.33350000,2.27865190,21031.05931730
337,2020-07-02 05:05:00,9232.33350000,9236.97059566,9231.75188402,9236.97059160,0.28867150,2665.69972005
338,2020-07-02 05:10:00,9236.97060000,9247.93629626,9236.55383337,9247.93629626,1.02782599,9501.30001323
339,2020-07-02 05:15:00,9243.20300014,9249.56150132,9243.20300014,9248.77667427,0.00614043,56.78147490
340,2020-07-02 05:20:00,9249.59409281,9250.50420685,9240.69019206,9241.50370001,4.29508545,39713.06910798
341,2020-07-02 05:25:00,9241.95993014,9248.53649996,9241.50370003,9241.64860000,1.23450911,11410.79706068
342,2020-07-02 05:30:00,9241.10262112,9241.66680000,9239.70000005,9241.61065430,2.90895067,26878.90809931
343,2020-07-02 05:35:00,9241.61064844,9243.35799738,9239.70000004,9243.35798921,1.52191956,14062.81367596
344,2020-07-02 05:40:00,9243.35798921,9243.35798921,9243.35798921,9243.35798921,0.00128497,11.87743771
345,2020-07-02 05:45:00,9239.70000011,9243.35799738,9239.53169599,9240.01184296,0.35024339,3236.29644637
346,2020-07-02 05:50:00,9234.17328614,9238.75629532,9224.35799999,9224.35799999,1.23650476,11409.62842280
347,2020-07-02 05:55:00,9218.66326530,9219.65700000,9207.05000000,9210.59949998,1.74038472,16031.37012981
348,2020-07-02 06:00:00,9200.00000000,9212.40527256,9200.00000000,9208.10979999,1.23570431,11371.33141096
349,2020-07-02 06:05:00,9203.26840000,9208.49949998,9177.63000000,9194.52514465,3.26393196,29996.02456300
350,2020-07-02 06:10:00,9191.20230000,9191.34399997,9185.31180009,9189.09710000,0.32231020,2961.90244630
351,2020-07-02 06:15:00,9188.86930000,9201.58295483,9183.78581424,9194.59500008,0.19784932,1819.00271562
352,2020-07-02 06:20:00,9195.99180000,9195.99180000,9192.06120424,9192.06120424,0.15388499,1414.78305352
353,2020-07-02 06:25:00,9192.06120427,9201.58295503,9192.06120425,9201.58295503,0.84921681,7808.12776530
354,2020-07-02 06:30:00,9199.05600003,9201.31556785,9195.01163482,9198.59330000,0.25018968,2300.66818899
355,2020-07-02 06:35:00,9198.30839389,9198.30839389,9191.59790015,9193.83170000,0.31795910,2924.03819557
356,2020-07-02 06:40:00,9194.33537437,9201.58295504,9190.51700001,9197.61360420,0.13059558,1200.73207045
357,2020-07-02 06:45:00,9201.58295505,9203.55060000,9195.84881264,9203.30690000,0.32845817,3022.78807104
358,2020-07-02 06:50:00,9203.64384552,9209.41890000,9201.81814767,9209.41890000,0.21601491,1988.24306941
359,2020-07-02 06:55:00,9208.97122492,9212.52479997,9205.51890003,9207.72290000,0.85691322,7892.42328787
360,2020-07-02 07:00:00,9207.62300000,9209.22559999,9198.96300004,9209.22559999,0.35331279,3252.40901679
361,2020-07-02 07:05:00,9208.19749513,9218.63597228,9200.06300002,9215.81879999,0.26456812,2437.26238809
362,2020-07-02 07:10:00,9218.31990000,9218.31990000,9213.21710013,9216.83660000,0.32523208,2997.53950907
363,2020-07-02 07:15:00,9216.83660000,9216.83660000,9206.11140001,9214.91849999,0.21673183,1996.59395006
364,2020-07-02 07:20:00,9214.91849999,9214.91849999,9203.99825300,9210.17009997,0.29766693,2742.31506139
365,2020-07-02 07:25:00,9210.07099289,9211.51659237,9207.69735263,9211.51659237,0.31431605,2894.36986768
366,2020-07-02 07:30:00,9211.51659237,9212.67139997,9201.86630009,9212.67139997,0.99654895,9174.55520060
367,2020-07-02 07:35:00,9212.67139997,9212.67139997,9208.56930000,9210.84579999,0.29344463,2702.92849732
368,2020-07-02 07:40:00,9210.84579999,9216.54078478,9210.79695541,9213.54107857,0.29124613,2683.43915045
369,2020-07-02 07:45:00,9214.67182289,9217.80170000,9214.67182289,9217.80170000,0.40388804,3722.35985400
370,2020-07-02 07:50:00,9217.80170000,9217.80170000,9210.00000000,9210.00000000,0.85005964,7830.51966430
371,2020-07-02 07:55:00,9210.80169990,9210.80169990,9210.00000008,9210.70200000,0.22401068,2063.31459572
372,2020-07-02 08:00:00,9210.00000000,9210.70199481,9202.63030003,9208.03299995,0.36806681,3388.64505138
373,2020-07-02 08:05:00,9206.23199994,9206.23199994,9194.93160002,9201.30909975,0.46681101,4295.08408316
374,2020-07-02 08:10:00,9196.62305854,9202.92999996,9196.62305854,9202.39738160,1.24274326,11432.11646668
375,2020-07-02 08:15:00,9201.20000000,9201.20000000,9196.43100008,9201.19999993,0.15825270,1456.00970164
376,2020-07-02 08:20:00,9201.19999993,9201.19999995,9195.62020016,9198.41720000,0.24965744,2296.88231763
377,2020-07-02 08:25:00,9198.09207402,9198.41719994,9195.62020014,9195.62029997,0.42045184,3866.41435022
378,2020-07-02 08:30:00,9193.22020000,9195.62029973,9189.13370012,9190.79468924,2.56221885,23555.73314399
379,2020-07-02 08:35:00,9190.79468924,9195.30529014,9188.31240000,9192.55289991,0.89595304,8234.55055175
380,2020-07-02 08:40:00,9192.55289982,9192.55289989,9178.94970002,9185.43598608,0.49650855,4562.33551642
381,2020-07-02 08:45:00,9180.54000000,9195.46349066,9175.93230000,9195.46349066,0.90365241,8298.64560484
382,2020-07-02 08:50:00,9197.24760000,9208.94169999,9197.24760000,9205.73770010,0.90617498,8342.35824691
383,2020-07-02 08:55:00,9210.25338424,9212.93599069,9207.46000012,9212.93599069,0.21206987,1953.08705013
384,2020-07-02 09:00:00,9212.93599069,9212.93599069,9209.33690001,9209.33690001,0.04047160,372.83618667
385,2020-07-02 09:05:00,9211.54306071,9218.63596165,9211.54300000,9217.70540201,0.29756835,2741.31363984
386,2020-07-02 09:10:00,9213.69959995,9217.80179997,9209.29230001,9217.80179997,0.63902813,5888.89811230
387,2020-07-02 09:15:00,9217.50159167,9217.50159167,9209.29600014,9214.39999994,0.32223623,2969.60610873
388,2020-07-02 09:20:00,9214.39999999,9214.39999999,9209.19230018,9212.59899994,0.36680351,3378.86331852
389,2020-07-02 09:25:00,9212.59899993,9212.59909999,9204.39340004,9206.49290006,0.96664527,8903.73205499
390,2020-07-02 09:30:00,9211.39839996,9211.39839996,9209.23487408,9209.23487408,0.18405043,1695.10986659
391,2020-07-02 09:35:00,9209.10072795,9209.10072795,9196.76880400,9205.57069998,0.97644244,8986.81205581
392,2020-07-02 09:40:00,9205.57069998,9209.56245402,9200.56950005,9205.98680004,0.65517582,6032.34909823
393,2020-07-02 09:45:00,9211.12099997,9213.49320000,9206.58600673,9208.91259999,0.23415764,2156.72266236
394,2020-07-02 09:50:00,9208.51250000,9210.21149999,9203.30700703,9210.06719999,0.42908588,3951.77705601
395,2020-07-02 09:55:00,9208.46659999,9213.83200000,9206.62810000,9213.83199998,0.55839797,5142.69579692
396,2020-07-02 10:00:00,9210.26870762,9215.29038021,9210.26870762,9210.59070000,0.97686504,9000.94759697
397,2020-07-02 10:05:00,9210.59069998,9210.59069998,9198.88832037,9198.88832037,0.40067559,3687.87202621
398,2020-07-02 10:10:00,9198.28539533,9202.98860000,9193.00000003,9201.58799996,0.34324870,3157.82395758
399,2020-07-02 10:15:00,9200.93204484,9207.63240419,9196.28980014,9207.63240412,0.30789547,2833.92626219
400,2020-07-02 10:20:00,9207.31092994,9207.63240419,9200.91300006,9204.65416151,0.27435029,2525.68539845
401,2020-07-02 10:25:00,9204.65416150,9204.65416150,9195.01546043,9200.41139332,0.26121538,2403.37313247
402,2020-07-02 10:30:00,9198.51577218,9205.14099999,9193.91670005,9205.14099999,0.78870664,7255.44626550
403,2020-07-02 10:35:00,9204.77299303,9204.77299303,9197.15939998,9197.15939998,0.31011890,2853.82891495
404,2020-07-02 10:40:00,9197.15940000,9197.15940000,9187.16570002,9193.55749997,0.48786431,4483.78148012
405,2020-07-02 10:45:00,9194.81297299,9202.23732960,9188.09400005,9202.23732960,0.54109695,4975.04201570
406,2020-07-02 10:50:00,9200.20817038,9205.17189998,9197.76000000,9200.70827466,0.37984369,3495.38934200
407,2020-07-02 10:55:00,9201.50716693,9207.98203176,9200.70827466,9202.26500004,1.27095472,11697.91987098
408,2020-07-02 11:00:00,9207.21189998,9207.21189998,9204.00000001,9206.12919999,0.59856488,5510.34035157
409,2020-07-02 11:05:00,9204.00000003,9206.12919999,9200.00000000,9200.00000005,4.44222264,40884.10179418
410,2020-07-02 11:10:00,9204.00000000,9204.49010000,9190.68150000,9190.68150000,0.44983590,4139.45369535
411,2020-07-02 11:15:00,9194.29299999,9194.70819998,9186.75000000,9188.41270000,0.19040603,1750.10201373
412,2020-07-02 11:20:00,9189.46575537,9193.23659996,9185.27292980,9193.23659996,0.21404823,1966.93103035
413,2020-07-02 11:25:00,9187.67570790,9189.23389997,9185.23129997,9185.23129997,0.11033039,1013.53945028
414,2020-07-02 11:30:00,9183.83039995,9187.67880542,9175.04620010,9181.14500003,0.79741354,7320.46178707
415,2020-07-02 11:35:00,9181.04560002,9190.54127999,9177.34600001,9185.41310000,0.75761156,6955.38911840
416,2020-07-02 11:40:00,9180.19110003,9186.35698188,9180.19110003,9186.35698188,0.02122863,194.94610567
417,2020-07-02 11:45:00,9185.75192348,9187.64213150,9184.87230003,9187.64213150,1.46554837,13461.33657702
418,2020-07-02 11:50:00,9187.64213150,9191.82698374,9187.64210005,9191.08173311,0.29037817,2669.09926077
419,2020-07-02 11:55:00,9190.17160011,9197.16598742,9190.17160011,9192.37140010,0.42046866,3864.84176010
420,2020-07-02 12:00:00,9190.17160011,9195.94278839,9190.17160011,9195.17943254,0.08775880,806.73863777
421,2020-07-02 12:05:00,9190.47700003,9195.17943254,9189.97700002,9192.57670000,0.20666520,1899.69263337
422,2020-07-02 12:10:00,9192.57670000,9197.64507247,9189.20150012,9189.20150012,0.45978329,4227.24267478
423,2020-07-02 12:15:00,9196.19509613,9196.19510000,9189.44437847,9196.19509118,0.86969293,7995.74539887
424,2020-07-02 12:20:00,9191.50110011,9195.37943081,9190.26800002,9191.12000000,0.37731865,3468.92586429
425,2020-07-02 12:25:00,9189.44437847,9190.48172902,9178.84490141,9178.84490142,2.26109451,20760.76556759
426,2020-07-02 12:30:00,9178.84490144,9229.48999999,9170.00000000,9219.87710007,11.58878992,106337.44593881
427,2020-07-02 12:35:00,9220.07700001,9226.61253891,9219.18607069,9222.64520005,0.38522505,3552.32477410
428,2020-07-02 12:40:00,9223.41708443,9231.42597704,9220.30810013,9225.00570029,0.29727202,2742.14497831
429,2020-07-02 12:45:00,9226.60490011,9241.30189618,9226.60490006,9231.80290006,1.66719240,15397.30954846
430,2020-07-02 12:50:00,9231.80290004,9241.62850000,9231.80290004,9241.62850000,0.37212402,3436.57353390
431,2020-07-02 12:55:00,9241.62850000,9241.62850000,9234.86829655,9240.35299995,0.36586724,3379.22526392
432,2020-07-02 13:00:00,9240.35299998,9242.05309997,9235.00000000,9235.00000003,0.78101965,7215.61882476
433,2020-07-02 13:05:00,9237.62859464,9237.62859464,9226.55368061,9226.55368061,0.30426127,2808.65229227
434,2020-07-02 13:10:00,9223.67697936,9228.92799999,9223.67697926,9223.67697926,0.11007440,1015.49485086
435,2020-07-02 13:15:00,9224.32547375,9227.00640004,9224.32547375,9226.17223465,0.36167138,3336.54205393
436,2020-07-02 13:20:00,9226.17223477,9241.22880000,9226.17223477,9234.30000016,0.70574306,6517.01103796
437,2020-07-02 13:25:00,9241.45180000,9242.36690000,9232.39637862,9232.39637862,0.20211036,1867.07090310
438,2020-07-02 13:30:00,9232.39637871,9244.17060000,9232.39637870,9243.01627700,0.31382177,2899.31598666
439,2020-07-02 13:35:00,9243.01627705,9250.30210000,9237.72845031,9239.65559254,0.95466200,8830.18081843
440,2020-07-02 13:40:00,9241.05814277,9243.95230008,9238.95490007,9243.95230008,0.06451186,596.15730390
441,2020-07-02 13:45:00,9243.95230021,9253.82286905,9243.95230021,9244.33988009,0.61731741,5710.47371174
442,2020-07-02 13:50:00,9244.33988012,9249.69549999,9244.33988009,9247.99599997,0.07023924,649.50127917
443,2020-07-02 13:55:00,9247.83111829,9251.09579182,9243.16160006,9244.11765169,4.29144103,39695.37347048
444,2020-07-02 14:00:00,9245.46110010,9255.19770000,9242.97604314,9249.49799347,0.41293266,3818.80149646
445,2020-07-02 14:05:00,9249.49799347,9250.01399999,9242.97604320,9244.55980000,0.10832502,1001.67415772
446,2020-07-02 14:10:00,9246.09330000,9246.09330000,9232.56520005,9236.59009999,0.42874508,3962.72583594
447,2020-07-02 14:15:00,9235.99999998,9235.99999998,9231.46550003,9235.90899467,0.26320586,2430.43908649
448,2020-07-02 14:20:00,9235.78969999,9235.78970000,9232.24439999,9232.24439999,0.39334829,3632.36109761
449,2020-07-02 14:25:00,9229.94339995,9232.08701928,9222.23520003,9224.65169989,0.45093803,4160.26758066
450,2020-07-02 14:30:00,9224.65169991,9227.71279646,9221.54999999,9226.96842393,0.19345954,1784.63963819
451,2020-07-02 14:35:00,9220.73570019,9227.85299997,9220.73570019,9227.85299995,0.13777355,1271.08245479
452,2020-07-02 14:40:00,9223.87457440,9227.85299996,9223.87457440,9227.85299995,0.10099453,931.65439735
453,2020-07-02 14:45:00,9224.29958338,9227.85299997,9221.73540022,9225.73643870,0.32589705,3006.55001574
454,2020-07-02 14:50:00,9229.07954720,9229.07954720,9207.70000000,9212.48689997,1.82578814,16822.57129262
455,2020-07-02 14:55:00,9212.48689997,9212.48689997,9193.44100000,9201.54160797,1.08769335,10010.29368017
456,2020-07-02 15:00:00,9199.11219992,9199.11219992,9105.89000000,9114.60706700,6.10042027,55849.53926036
457,2020-07-02 15:05:00,9110.20959998,9110.20959998,9046.38326621,9093.69530006,15.35280115,139295.29629914
458,2020-07-02 15:10:00,9095.09520000,9095.09520000,9050.38579297,9064.78990413,2.57494641,23351.92053435
459,2020-07-02 15:15:00,9062.30740000,9085.73699999,9050.00000000,9083.91595679,2.66152098,24131.98971589
460,2020-07-02 15:20:00,9083.91595679,9092.75439160,9075.46700003,9092.75439160,2.14111353,19455.25137248
461,2020-07-02 15:25:00,9095.95075504,9099.06843799,9042.53540001,9068.22999999,7.64100347,69273.65408208
462,2020-07-02 15:30:00,9068.22999999,9080.13499515,9056.70060000,9079.07929752,1.98973984,18042.72229718
463,2020-07-02 15:35:00,9079.07929751,9079.07929752,9072.57330003,9077.77889995,0.99234358,9007.54160284
464,2020-07-02 15:40:00,9076.97870001,9086.58139996,9076.97870001,9086.46337309,0.75565671,6862.23650892
465,2020-07-02 15:45:00,9085.53731413,9088.77307602,9083.72207475,9088.67399354,0.67326366,6118.84478543
466,2020-07-02 15:50:00,9088.67399354,9088.67399354,9076.97869999,9078.18300000,1.24052247,11268.97251607
467,2020-07-02 15:55:00,9079.44100000,9079.44100000,9042.53540000,9042.71360004,2.22654478,20174.94419842
468,2020-07-02 16:00:00,9048.29670000,9069.79000000,9027.96510004,9027.96510004,2.16310946,19573.00751122
469,2020-07-02 16:05:00,9034.25099998,9061.24409999,9034.25099998,9059.71334360,1.80904165,16378.91947537
470,2020-07-02 16:10:00,9051.45720004,9065.38051285,9048.85810002,9065.38051285,0.29325969,2656.54102976
471,2020-07-02 16:15:00,9062.95580004,9064.52919762,9056.75790010,9062.90312556,0.42383776,3841.33583138
472,2020-07-02 16:20:00,9065.00000000,9065.00000000,9052.45270006,9058.49014077,0.44212760,4006.42794335
473,2020-07-02 16:25:00,9058.44329999,9058.44329999,9035.80810003,9041.28000000,0.84401818,7631.72027469
474,2020-07-02 16:30:00,9041.28000000,9042.54096854,9021.10000003,9042.54096854,7.60353036,68676.49438823
475,2020-07-02 16:35:00,9042.46290000,9048.22869999,8973.26612250,8990.57310002,11.30917803,101716.16055269
476,2020-07-02 16:40:00,8989.32000000,8989.32000000,8940.10160002,8974.28570006,5.66211662,50732.97898838
477,2020-07-02 16:45:00,8981.89070000,9003.42819999,8968.46030000,9003.42819998,3.70325579,33272.91771159
478,2020-07-02 16:50:00,9003.42819998,9056.44494036,8996.47920015,9044.13000002,6.62460315,59829.24362036
479,2020-07-02 16:55:00,9045.49700001,9051.80693609,9035.18399997,9039.80082917,0.89552138,8097.65951265
480,2020-07-02 17:00:00,9036.19379997,9036.19379997,9018.37100000,9031.08999996,2.04703675,18469.12478190
481,2020-07-02 17:05:00,9026.94770000,9040.86279414,9026.94770000,9039.51719999,0.47335519,4277.36106245
482,2020-07-02 17:10:00,9033.98570040,9039.61720000,9024.76707661,9027.63223860,0.49156970,4441.59841827
483,2020-07-02 17:15:00,9028.41598988,9028.41598988,9013.95070005,9021.44730003,0.08376216,755.59560597
484,2020-07-02 17:20:00,9023.89385723,9044.82228299,9023.89385723,9044.82228299,0.24660034,2228.02773864
485,2020-07-02 17:25:00,9037.61720003,9053.05919999,9037.51730006,9047.34646323,1.43180625,12949.80038232
486,2020-07-02 17:30:00,9043.73579505,9057.88120004,9040.95277308,9057.88120004,0.84920168,7685.01737134
487,2020-07-02 17:35:00,9056.58878296,9060.87499999,9050.00000000,9050.59397892,1.75575890,15893.69586907
488,2020-07-02 17:40:00,9050.59397889,9065.74306133,9050.00000000,9064.30910000,2.27611748,20610.83939996
489,2020-07-02 17:45:00,9061.11750000,9072.93399377,9048.50600005,9069.43309998,0.43646558,3954.57830107
490,2020-07-02 17:50:00,9069.48910923,9078.91116007,9069.48910923,9078.63810000,0.65692057,5961.39234229
491,2020-07-02 17:55:00,9078.63809998,9078.63810000,9067.91700004,9071.53079998,0.74822945,6792.09306741
492,2020-07-02 18:00:00,9066.99000002,9070.37000000,9059.82632413,9059.82632413,0.33715300,3057.01863483
493,2020-07-02 18:05:00,9062.67279996,9062.67279996,9028.51456573,9054.61000000,2.78268623,25156.72242614
494,2020-07-02 18:10:00,9054.36601772,9061.94989124,9052.52500007,9060.00000000,0.71966860,6519.88602395
495,2020-07-02 18:15:00,9065.51949998,9072.58700001,9059.00579353,9068.01280000,0.39792242,3608.26007559
496,2020-07-02 18:20:00,9068.02000000,9075.58212786,9065.31400001,9070.00000006,1.08925769,9884.78008218
497,2020-07-02 18:25:00,9070.75522627,9078.85234117,9062.29000011,9062.32660003,0.77051096,6987.47095176
498,2020-07-02 18:30:00,9062.32660006,9080.93219995,9062.32660006,9075.72470003,1.08543731,9851.09410579
499,2020-07-02 18:35:00,9075.72470004,9077.48223341,9065.22620001,9065.22620003,0.35008967,3176.96883500
500,2020-07-02 18:40:00,9069.72529997,9069.72529997,9064.02640007,9069.72529996,0.22493875,2039.35514779
501,2020-07-02 18:45:00,9068.91457153,9068.91457153,9061.92660005,9064.12189989,0.11490989,1041.56980301
502,2020-07-02 18:50:00,9060.42691763,9064.12189989,9055.22760009,9055.22760009,0.17087004,1548.22581995
503,2020-07-02 18:55:00,9060.62599999,9068.77847402,9057.63320002,9067.99999996,1.33945444,12138.18231254
504,2020-07-02 19:00:00,9067.99999997,9067.99999997,9062.05880005,9067.24399993,0.38784404,3516.07554432
505,2020-07-02 19:05:00,9056.85960013,9057.35019996,9048.94520000,9050.37620000,0.29318862,2655.29040708
506,2020-07-02 19:10:00,9042.27939999,9071.66300000,9031.01900000,9067.19179998,0.69999248,6336.97501461
507,2020-07-02 19:15:00,9065.52759023,9074.59280000,9061.44090012,9068.33999999,0.16165147,1466.34493786
508,2020-07-02 19:20:00,9068.38356296,9072.47036382,9060.00000000,9068.80500009,1.31651300,11929.72525845
509,2020-07-02 19:25:00,9072.90690845,9073.89660000,9059.70759999,9065.28548962,0.21458540,1945.52156261
510,2020-07-02 19:30:00,9057.32200004,9069.01100002,9057.32200003,9069.01100002,0.18895243,1712.28296341
511,2020-07-02 19:35:00,9068.23791804,9072.61299999,9059.91390004,9062.60879996,0.09793147,887.32340932
512,2020-07-02 19:40:00,9062.60879996,9062.60879996,9059.91390009,9062.60879996,0.04522022,409.74803268
513,2020-07-02 19:45:00,9062.60879996,9062.60879996,9055.50999998,9055.80589997,0.39413378,3571.63834987
514,2020-07-02 19:50:00,9047.90259999,9054.80550000,9046.00179996,9050.20360000,0.12857963,1163.27220321
515,2020-07-02 19:55:00,9048.00269997,9048.00269997,9040.56940002,9047.46720000,0.27881254,2521.72467125
516,2020-07-02 20:00:00,9057.16469997,9057.56480000,9041.95460010,9043.13480000,1.47706061,13373.08096439
517,2020-07-02 20:05:00,9044.24088197,9044.24088197,9042.34449997,9043.89755975,0.15912193,1439.03368462
518,2020-07-02 20:10:00,9046.45600451,9050.94919986,9045.24014625,9050.94919986,0.22332065,2020.27752953
519,2020-07-02 20:15:00,9050.53023820,9050.94919986,9050.53023820,9050.94919986,0.00836663,75.72546337
520,2020-07-02 20:20:00,9059.76131830,9064.35659997,9056.16200005,9062.02692508,0.36905935,3342.55829206
521,2020-07-02 20:25:00,9061.35489998,9061.65509992,9060.61359347,9061.65509992,0.08271605,749.53762700
522,2020-07-02 20:30:00,9061.65509982,9075.71700004,9061.55218517,9070.34394389,0.03177952,288.15968836
523,2020-07-02 20:35:00,9075.72470000,9075.72470002,9069.36200013,9070.70439525,0.26140142,2372.26693902
524,2020-07-02 20:40:00,9075.12260001,9077.33410005,9068.83590005,9071.23540004,0.86505984,7846.05385013
525,2020-07-02 20:45:00,9071.23540004,9088.07891089,9070.50000260,9080.28050000,0.89463152,8117.94766124
526,2020-07-02 20:50:00,9081.17042858,9084.99480000,9080.28050000,9081.60549993,0.52021578,4724.49819069
527,2020-07-02 20:55:00,9079.40469999,9082.00569995,9072.49860006,9081.50549997,0.06904242,626.87910000
528,2020-07-02 21:00:00,9081.42244533,9087.60790000,9080.69571311,9085.94679999,0.10747633,976.46039412
529,2020-07-02 21:05:00,9080.69572403,9080.69572403,9071.23540008,9071.23540008,0.06428359,583.69876461
530,2020-07-02 21:10:00,9075.44299999,9075.44299999,9071.23540008,9071.23540009,0.02810691,255.03930037
531,2020-07-02 21:15:00,9074.72612900,9077.94399999,9071.23540024,9077.94399999,0.58970088,5352.07166340
532,2020-07-02 21:20:00,9077.06751714,9081.84509991,9074.62970002,9074.62970002,1.18524134,10758.07167074
533,2020-07-02 21:25:00,9079.64499957,9091.41920000,9078.72880000,9091.41920000,1.48340192,13474.56328378
534,2020-07-02 21:30:00,9092.27500000,9095.15198806,9087.48041178,9087.48041178,0.40371805,3670.55889374
535,2020-07-02 21:35:00,9084.26930001,9097.55076921,9084.26930001,9097.55076921,1.12406700,10219.19439901
536,2020-07-02 21:40:00,9099.06840000,9099.19564336,9090.06580001,9090.06580001,0.13351219,1214.63170264
537,2020-07-02 21:45:00,9092.80740000,9105.22931862,9092.80740000,9105.22931862,1.03418774,9411.17297359
538,2020-07-02 21:50:00,9108.24300005,9115.37099997,9102.96000000,9104.64170004,1.56148188,14225.29275136
539,2020-07-02 21:55:00,9113.39720001,9144.83700000,9113.39720001,9126.13939998,2.23934394,20451.52992186
540,2020-07-02 22:00:00,9125.15800003,9144.48611588,9125.15131979,9127.41700000,1.09159983,9971.32630067
541,2020-07-02 22:05:00,9127.41700000,9130.37370842,9119.39000001,9125.85259998,1.03281309,9428.19995118
542,2020-07-02 22:10:00,9126.55285288,9131.20730001,9117.81210006,9122.62000000,0.28718552,2621.50765490
543,2020-07-02 22:15:00,9122.94155074,9122.94155074,9117.11240001,9122.00000000,0.11669106,1064.17264925
544,2020-07-02 22:20:00,9120.96620261,9122.00000000,9115.41300007,9115.41300007,0.60922818,5557.08086126
545,2020-07-02 22:25:00,9115.41300003,9118.35214442,9111.71430004,9111.71430004,0.23893240,2178.05604393
546,2020-07-02 22:30:00,9116.30866580,9116.30866582,9106.29000000,9106.29000000,0.30439728,2774.01391523
547,2020-07-02 22:35:00,9107.63160297,9110.24649999,9104.21700003,9106.78188632,0.21856275,1991.01108646
548,2020-07-02 22:40:00,9117.73670626,9117.84949994,9088.27999998,9095.55000000,1.32667739,12076.70039824
549,2020-07-02 22:45:00,9096.45285106,9102.79150000,9096.45285106,9099.25490000,0.27082117,2464.30877054
550,2020-07-02 22:50:00,9100.89470000,9100.89470000,9095.22000007,9099.31359999,0.08913459,811.20112081
551,2020-07-02 22:55:00,9099.31359997,9106.51659998,9092.39260003,9099.59020000,0.43726390,3977.33799659
552,2020-07-02 23:00:00,9100.04674255,9104.35849991,9095.59637022,9095.65499992,0.40015079,3641.88859489
553,2020-07-02 23:05:00,9095.65499990,9101.88852713,9089.40001001,9094.68960005,1.41706458,12889.60398365
554,2020-07-02 23:10:00,9098.39986556,9103.11739998,9096.19360010,9096.92558726,0.09356306,851.65735578
555,2020-07-02 23:15:00,9101.52990000,9101.52990000,9092.96620000,9092.96620000,0.16981104,1544.46270804
556,2020-07-02 23:20:00,9092.96619998,9092.96620000,9086.05000005,9091.12589999,0.01368543,124.39634792
557,2020-07-02 23:25:00,9085.52000006,9085.52000006,9085.52000006,9085.52000006,0.14719581,1337.35047567
558,2020-07-02 23:30:00,9085.52000705,9101.89780000,9085.52000705,9093.70468525,0.44090452,4007.79899561
559,2020-07-02 23:35:00,9094.44320731,9100.03859999,9092.19996184,9096.13690000,0.36085767,3282.50713191
560,2020-07-02 23:40:00,9098.63799995,9102.98684350,9095.58669561,9102.98684350,0.49043706,4462.33750265
561,2020-07-02 23:45:00,9097.59077873,9097.59077873,9092.79195166,9092.79195166,0.32524438,2958.28994097
562,2020-07-02 23:50:00,9088.54750004,9096.81899997,9088.54750004,9092.76499995,0.15476524,1407.09190837
563,2020-07-02 23:55:00,9091.18633874,9094.16489994,9082.89796044,9090.38799999,0.34517582,3137.42090543
564,2020-07-03 00:00:00,9088.38700000,9088.38700000,9067.24879501,9067.24879501,0.96586675,8771.06598552
565,2020-07-03 00:05:00,9072.40000000,9086.01288136,9068.50180001,9080.88998688,1.61122710,14618.02060927
566,2020-07-03 00:10:00,9076.70070004,9081.87525364,9076.70070004,9081.87525364,0.28137021,2555.31638154
567,2020-07-03 00:15:00,9081.05000000,9083.40979994,9069.30170001,9078.90709991,0.13761098,1248.96776737
568,2020-07-03 00:20:00,9078.43223330,9089.99622013,9078.43223330,9085.49960005,0.03280268,298.04254998
569,2020-07-03 00:25:00,9086.83595928,9091.91509996,9085.50000002,9087.89930011,0.04175117,379.43449587
570,2020-07-03 00:30:00,9094.81689985,9094.81689985,9093.84461278,9093.84461278,0.00258627,23.52015367
571,2020-07-03 00:35:00,9093.84461278,9098.61679998,9088.69920007,9098.61679998,0.05862845,533.12132460
572,2020-07-03 00:40:00,9094.29590511,9099.99999994,9094.29590001,9098.00997074,0.01388094,126.26052600
573,2020-07-03 00:45:00,9099.99999999,9106.22568739,9096.59560004,9106.22568739,0.12136755,1104.75141846
574,2020-07-03 00:50:00,9101.09500017,9106.90641730,9101.09500017,9101.67101051,0.98062500,8929.20290794
575,2020-07-03 00:55:00,9101.09500216,9106.90641723,9096.37180794,9096.37180794,0.08038722,731.80083004
576,2020-07-03 01:00:00,9101.67101021,9101.67101021,9093.25801022,9093.25801022,0.07460334,678.58099326
577,2020-07-03 01:05:00,9099.19329991,9099.19329991,9096.19149991,9096.19149991,0.06230324,566.72726358
578,2020-07-03 01:10:00,9094.76958424,9095.19089983,9086.20735685,9092.68939988,0.47660807,4333.16140743
579,2020-07-03 01:15:00,9092.68939989,9097.39219998,9092.68939988,9095.19089965,0.15005176,1364.66597038
580,2020-07-03 01:20:00,9096.21459160,9102.66170729,9095.37190001,9099.68130000,0.52660634,4792.34536461
581,2020-07-03 01:25:00,9101.24820001,9115.01090000,9101.24820001,9106.64620000,1.25455041,11423.95236640
582,2020-07-03 01:30:00,9108.84940004,9120.68435123,9108.84940004,9119.24050000,0.40997085,3737.36496558
583,2020-07-03 01:35:00,9119.24050003,9119.24050003,9112.35990000,9112.35990005,0.55688192,5075.65785950
584,2020-07-03 01:40:00,9112.35990001,9119.29589997,9108.85110000,9108.85110001,0.51626105,4706.30753771
585,2020-07-03 01:45:00,9108.85110008,9115.78439613,9107.64270000,9114.57509996,0.31356466,2856.63879551
586,2020-07-03 01:50:00,9107.99255520,9114.57599995,9107.64360001,9114.57599995,1.02762546,9362.39068148
587,2020-07-03 01:55:00,9113.76753547,9114.57599995,9110.34300000,9111.09271977,0.22273234,2029.23120562
588,2020-07-03 02:00:00,9108.07510000,9113.40709998,9104.78040375,9109.90099999,1.07424266,9782.19013323
589,2020-07-03 02:05:00,9109.90099999,9109.90099999,9100.92006510,9106.57039663,0.49055055,4467.29765757
590,2020-07-03 02:10:00,9106.57039663,9106.57039663,9106.56839926,9106.56839926,0.04320671,393.46489163
591,2020-07-03 02:15:00,9106.56839926,9110.66586676,9106.04800000,9110.12142619,0.49591632,4516.10493141
592,2020-07-03 02:20:00,9109.72370828,9112.73550000,9106.63281347,9107.47535511,0.46743631,4258.63700426
593,2020-07-03 02:25:00,9112.73550000,9112.73550000,9109.28610190,9109.28610238,0.35767939,3258.85714728
594,2020-07-03 02:30:00,9112.73550000,9116.28370004,9104.87910000,9104.87910000,0.47070422,4287.68591620
595,2020-07-03 02:35:00,9111.80939116,9113.41009995,9101.35320006,9101.35320006,0.12310429,1120.89669819
596,2020-07-03 02:40:00,9100.75340000,9101.43098392,9092.81570002,9092.81570002,0.23666099,2153.51921063
597,2020-07-03 02:45:00,9101.65146115,9101.65146115,9096.11410008,9101.23432930,0.45113495,4105.87388373
598,2020-07-03 02:50:00,9096.11410019,9101.23404445,9095.11410002,9095.11410002,0.17649181,1605.72746399
599,2020-07-03 02:55:00,9099.88399996,9099.88399996,9092.96260004,9097.08309999,0.11081475,1007.80820249
600,2020-07-03 03:00:00,9101.70145860,9101.70145860,9100.97992646,9101.60200000,0.01386881,126.22376648
601,2020-07-03 03:05:00,9101.70145860,9101.70145860,9096.84671684,9101.70145860,0.36738667,3343.77118114
602,2020-07-03 03:10:00,9101.70145860,9101.70145860,9097.55992255,9101.70145860,0.01640825,149.29410063
603,2020-07-03 03:15:00,9101.70012000,9101.70019997,9101.70012000,9101.70019997,0.93721265,8530.22848943
604,2020-07-03 03:20:00,9101.70012000,9101.70012000,9096.84671682,9097.55992244,0.12240209,1113.88781018
605,2020-07-03 03:25:00,9098.23076057,9101.70012000,9098.23076057,9101.70011999,0.05609114,510.40727307
606,2020-07-03 03:30:00,9101.70011999,9101.86659226,9096.84671676,9096.84671679,0.08926819,812.34177253
607,2020-07-03 03:35:00,9099.75400000,9099.75400000,9096.84671676,9096.84671676,0.14301990,1301.19717430
608,2020-07-03 03:40:00,9095.69390000,9099.98490000,9091.63880020,9091.63880023,0.58658690,5336.14979452
609,2020-07-03 03:45:00,9091.63880020,9094.65329995,9089.41544967,9089.43530001,0.23949379,2177.97365286
610,2020-07-03 03:50:00,9094.65329996,9094.65329998,9090.83480000,9092.65000007,0.05665026,515.02583427
611,2020-07-03 03:55:00,9097.72499997,9097.72499997,9091.48480025,9091.48480025,0.79402078,7223.51599450
612,2020-07-03 04:00:00,9091.68470003,9101.20629999,9091.68470003,9101.20629999,0.36403343,3311.71057689
613,2020-07-03 04:05:00,9094.28390024,9099.99999999,9094.28390020,9095.66846164,0.81821787,7442.01191176
614,2020-07-03 04:10:00,9095.68777628,9097.10719998,9091.88720007,9091.88720007,0.27472378,2498.55332730
615,2020-07-03 04:15:00,9095.40659998,9095.40659998,9082.89795919,9085.00000000,1.19307957,10844.56041788
616,2020-07-03 04:20:00,9084.12519082,9089.46049624,9082.89795920,9087.88400009,0.46177431,4195.94566024
617,2020-07-03 04:25:00,9087.88400011,9094.00200000,9087.88400000,9087.88400005,0.33699733,3062.72119467
618,2020-07-03 04:30:00,9087.88400008,9094.00200000,9086.18440003,9086.18440005,0.51129131,4647.41009116
619,2020-07-03 04:35:00,9086.18440005,9091.40559996,9086.18440002,9086.18440003,0.24967064,2268.67786907
620,2020-07-03 04:40:00,9090.65201712,9097.60870000,9086.18440003,9090.68900002,0.86395010,7853.89431424
621,2020-07-03 04:45:00,9090.68900012,9097.60870000,9090.68900000,9091.34180002,0.52497465,4774.46924802
622,2020-07-03 04:50:00,9098.26200000,9098.26200000,9090.68000000,9091.69460000,0.48290699,4390.89167948
623,2020-07-03 04:55:00,9091.69460003,9097.11419996,9091.69460000,9091.69460005,0.48872019,4443.52337115
624,2020-07-03 05:00:00,9094.66130000,9101.54249999,9094.66130000,9095.41970007,0.89111454,8108.39417895
625,2020-07-03 05:05:00,9095.41970004,9099.77828634,9093.17338030,9093.73852311,0.39188015,3564.34879353
626,2020-07-03 05:10:00,9093.73852311,9097.54680015,9093.73852311,9097.54680015,0.13717624,1247.71760112
627,2020-07-03 05:15:00,9097.54680000,9099.40019649,9090.00000003,9096.39459995,3.96714885,36093.50299476
628,2020-07-03 05:20:00,9096.39459995,9096.39459995,9085.10550007,9085.10550007,0.32427743,2947.53902307
629,2020-07-03 05:25:00,9085.10550004,9092.01690878,9085.10550000,9085.17090010,0.38593453,3507.15666417
630,2020-07-03 05:30:00,9085.17090010,9103.50040946,9085.17090010,9095.41050013,0.51826452,4713.95651920
631,2020-07-03 05:35:00,9095.41050017,9106.16940000,9095.41050017,9095.96379974,0.83143716,7566.31043316
632,2020-07-03 05:40:00,9103.43989999,9108.74350000,9095.96379977,9103.83121120,0.40777806,3711.40395084
633,2020-07-03 05:45:00,9106.99999997,9107.00000000,9103.83121121,9103.83121121,1.35487822,12337.02518335
634,2020-07-03 05:50:00,9106.99999999,9110.27720005,9103.37500013,9106.64614848,0.86424671,7870.54577334
635,2020-07-03 05:55:00,9110.90439999,9111.90469995,9103.97470010,9104.97430007,0.80423136,7322.77575672
636,2020-07-03 06:00:00,9111.90469995,9117.00107867,9098.48889518,9105.89459997,0.75167857,6846.13792295
637,2020-07-03 06:05:00,9100.86780008,9102.29340000,9096.52476151,9098.19163428,0.34284456,3119.25529256
638,2020-07-03 06:10:00,9098.93832511,9105.39719999,9098.19163434,9101.77100007,0.81731332,7439.73122512
639,2020-07-03 06:15:00,9101.77100014,9101.87100005,9098.57200004,9098.57200004,0.17456758,1588.85544233
640,2020-07-03 06:20:00,9107.79900000,9107.79900000,9100.95600024,9101.20089999,0.25838433,2351.85236026
641,2020-07-03 06:25:00,9105.01529993,9105.01529995,9105.01529993,9105.01529995,0.30859479,2809.76028442
642,2020-07-03 06:30:00,9098.68900015,9106.11569998,9098.68900015,9102.94222303,0.18135368,1650.46573639
643,2020-07-03 06:35:00,9100.81709999,9100.81710000,9094.48560004,9099.18571230,0.28945360,2633.98199135
644,2020-07-03 06:40:00,9103.10870000,9103.10870000,9096.18490006,9100.33504935,0.40494237,3684.72428318
645,2020-07-03 06:45:00,9102.49551584,9103.10870000,9100.33504935,9100.33504935,0.05438537,494.93601915
646,2020-07-03 06:50:00,9100.33509998,9100.33509998,9093.56800007,9093.88560005,0.65952231,6000.73915475
647,2020-07-03 06:55:00,9100.44599614,9100.44599614,9093.88560708,9093.88560708,0.33244960,3025.31978565
648,2020-07-03 07:00:00,9094.90041040,9101.70800000,9094.90041040,9095.84063021,0.30911272,2812.54150368
649,2020-07-03 07:05:00,9095.84063021,9098.10669999,9091.64520000,9092.69944431,0.42598717,3873.92517037
650,2020-07-03 07:10:00,9092.69944434,9093.86578637,9090.52209942,9092.04991271,2.82242355,25660.40766079
651,2020-07-03 07:15:00,9096.10179998,9096.10179998,9091.37748732,9091.37748732,0.21147093,1923.15971367
652,2020-07-03 07:20:00,9094.00240000,9094.00240000,9090.00000000,9090.00000001,0.52269269,4751.74219494
653,2020-07-03 07:25:00,9090.00000001,9095.84299185,9090.00000000,9093.25620000,0.16742096,1521.90017213
654,2020-07-03 07:30:00,9099.46659999,9099.46659999,9091.35700005,9091.35700005,0.33038752,3004.72354523
655,2020-07-03 07:35:00,9093.64669998,9097.34292203,9090.32830018,9096.48207881,0.08971952,816.05529211
656,2020-07-03 07:40:00,9096.27000000,9097.94789339,9092.52770028,9097.62225495,0.20516201,1865.96980647
657,2020-07-03 07:45:00,9097.62225495,9107.05039997,9097.52490006,9101.16235961,0.13885192,1263.89720990
658,2020-07-03 07:50:00,9105.24999997,9105.24999997,9101.28112544,9103.02230000,0.05695945,518.52650671
659,2020-07-03 07:55:00,9107.84819998,9107.84819998,9096.02500005,9100.13900001,0.51247445,4663.54266196
660,2020-07-03 08:00:00,9100.13900005,9120.53736381,9100.03950000,9108.46700007,1.07573635,9794.68505413
661,2020-07-03 08:05:00,9111.46500000,9119.48500000,9111.46500000,9112.83246303,1.59351528,14528.79126160
662,2020-07-03 08:10:00,9113.90900623,9113.90900623,9110.78450013,9111.98380282,0.19932617,1816.36301624
663,2020-07-03 08:15:00,9111.98380890,9122.00000000,9111.50450003,9112.40410613,1.58060996,14415.31429253
664,2020-07-03 08:20:00,9112.40410619,9112.40410624,9109.00580014,9109.00580016,1.68931089,15388.17287957
665,2020-07-03 08:25:00,9111.24049831,9111.24049831,9106.49263209,9106.49263209,0.55055308,5015.02572066
666,2020-07-03 08:30:00,9113.24090000,9113.24090000,9102.02321358,9102.02321358,0.75471541,6873.83883058
667,2020-07-03 08:35:00,9104.09000000,9104.09000000,9098.53640605,9101.07659998,0.09787119,890.81282332
668,2020-07-03 08:40:00,9095.05380005,9096.58143300,9091.71030963,9091.71030963,0.07898405,718.37822659
669,2020-07-03 08:45:00,9095.15380005,9100.57639994,9090.31458818,9090.31458818,0.04618673,420.11431529
670,2020-07-03 08:50:00,9095.85340019,9095.85340019,9095.85340019,9095.85340019,0.08000000,727.66827201
671,2020-07-03 08:55:00,9097.18336918,9101.87670000,9097.18336918,9101.87670000,0.02401288,218.46589720
672,2020-07-03 09:00:00,9101.87670000,9101.87670000,9095.85340005,9095.85340005,0.20649151,1878.22822531
673,2020-07-03 09:05:00,9095.85340005,9102.02321361,9092.84970003,9099.61200471,2.59564449,23618.86024505
674,2020-07-03 09:10:00,9101.01190000,9107.16937431,9101.01190000,9106.32091792,0.03387032,308.29577927
675,2020-07-03 09:15:00,9104.43500005,9105.83400003,9104.43500005,9105.73400005,0.44647099,4065.48235958
676,2020-07-03 09:20:00,9102.56900006,9104.57128530,9102.56900006,9104.57128530,0.16346983,1488.08714209
677,2020-07-03 09:25:00,9104.99389699,9106.97517665,9096.83343891,9103.30149999,0.15018749,1367.39026877
678,2020-07-03 09:30:00,9101.81363379,9102.94836005,9096.98270004,9102.94836005,0.20130278,1832.20133641
679,2020-07-03 09:35:00,9096.18280006,9101.50579986,9092.68350000,9094.78670792,0.23271303,2117.09698267
680,2020-07-03 09:40:00,9094.78670464,9094.78670464,9066.19234779,9067.70000000,1.25021568,11340.92966753
681,2020-07-03 09:45:00,9058.60366167,9083.59020002,9045.00000002,9083.59020001,1.74313773,15788.26786885
682,2020-07-03 09:50:00,9076.89100001,9084.09614875,9072.19160002,9081.89910000,0.35770520,3247.75490569
683,2020-07-03 09:55:00,9080.00000000,9083.50019996,9080.00000000,9080.00000000,0.01306431,118.63009730
684,2020-07-03 10:00:00,9080.00000000,9080.00000000,9067.71319996,9067.71319996,0.07706196,699.18349737
685,2020-07-03 10:05:00,9067.71319996,9067.71319996,9062.40159997,9064.20269992,0.15646160,1418.29032101
686,2020-07-03 10:10:00,9062.40740001,9071.54810003,9062.40740001,9070.14830007,0.15264837,1384.06754013
687,2020-07-03 10:15:00,9075.45159998,9075.45159998,9066.64870044,9073.55038491,0.11089971,1005.67679184
688,2020-07-03 10:20:00,9067.36131521,9075.40258356,9060.00000000,9073.21216164,0.78488500,7112.22104661
689,2020-07-03 10:25:00,9073.21216164,9073.21216164,9073.21216164,9073.21216164,0,0
690,2020-07-03 10:30:00,9076.39169996,9083.93770000,9075.73900026,9082.66348468,0.35679504,3239.74270444
691,2020-07-03 10:35:00,9082.72018921,9082.72019816,9079.64894594,9079.64894594,0.29650050,2692.67199628
692,2020-07-03 10:40:00,9080.33154426,9084.99999999,9079.64894611,9084.99999999,0.14431589,1311.08922063
693,2020-07-03 10:45:00,9079.64894600,9079.64894600,9075.17240006,9075.17240023,0.01135599,103.06346914
694,2020-07-03 10:50:00,9075.97769253,9075.97769253,9068.97350017,9068.97350017,0.03548148,321.97662523
695,2020-07-03 10:55:00,9073.07599999,9076.57730000,9073.07599996,9076.36840802,0.03042087,276.04244352
696,2020-07-03 11:00:00,9079.47899997,9079.47899999,9070.76000001,9070.76000001,0.34587126,3138.82068632
697,2020-07-03 11:05:00,9076.77740000,9085.00000000,9070.76000008,9084.32000003,0.40853158,3707.29883588
698,2020-07-03 11:10:00,9084.32000013,9084.99999996,9079.17240000,9084.08899997,0.45300609,4113.72437336
699,2020-07-03 11:15:00,9076.67950019,9077.30957817,9076.67950018,9077.30957817,0.01040049,94.40330261
700,2020-07-03 11:20:00,9069.48080000,9074.38399996,9069.48080000,9072.46080002,0.17562795,1592.98536909
701,2020-07-03 11:25:00,9072.46080000,9076.75749999,9071.75290002,9072.35280000,0.37493224,3401.33658373
702,2020-07-03 11:30:00,9072.35280003,9079.44278264,9072.35280003,9079.44278264,0.01473386,133.69915101
703,2020-07-03 11:35:00,9074.25015037,9079.44278264,9074.25015037,9079.44278264,0.31954965,2901.31715861
704,2020-07-03 11:40:00,9079.44278264,9084.99999998,9079.44278264,9079.63529126,0.66432469,6032.44262994
705,2020-07-03 11:45:00,9079.63529694,9087.98899999,9079.63529694,9082.24820008,0.41106673,3733.80038291
706,2020-07-03 11:50:00,9085.04760002,9099.06843918,9085.04760002,9094.20269999,1.02443519,9317.66782912
707,2020-07-03 11:55:00,9089.66490001,9099.99999999,9089.66490001,9095.66060002,0.43741997,3978.50055735
708,2020-07-03 12:00:00,9095.66060003,9105.77324548,9095.66060003,9105.22468970,0.40627753,3698.15305458
709,2020-07-03 12:05:00,9105.30623809,9113.24090000,9096.52806661,9096.52806661,0.43301530,3943.36522274
710,2020-07-03 12:10:00,9098.35530002,9103.27969721,9096.09240623,9096.73856883,0.54943729,5000.03750110
711,2020-07-03 12:15:00,9096.73856884,9103.70999998,9096.73856884,9102.16390003,0.46786626,4258.11202542
712,2020-07-03 12:20:00,9102.16390156,9108.09179996,9101.16420003,9101.16420003,0.08604593,783.26060620
713,2020-07-03 12:25:00,9101.54405359,9101.54405359,9098.46707161,9098.46707162,0.09094744,827.49607885
714,2020-07-03 12:30:00,9098.46707162,9098.46707162,9092.26730000,9095.16250113,0.14643859,1331.66081761
715,2020-07-03 12:35:00,9095.81801756,9100.02678154,9095.75810001,9095.75810001,0.48289265,4393.14421135
716,2020-07-03 12:40:00,9099.53270053,9099.53270053,9096.32029699,9099.20331319,0.10986741,999.71560030
717,2020-07-03 12:45:00,9096.74408823,9098.78000000,9092.56539254,9098.78000000,0.06433050,585.19952430
718,2020-07-03 12:50:00,9100.28059996,9100.28059996,9092.86600002,9092.86600002,0.01407805,128.10850091
719,2020-07-03 12:55:00,9099.00086978,9105.15470000,9094.45850790,9105.15470000,0.18593180,1691.70456635
720,2020-07-03 13:00:00,9109.21390000,9109.21390000,9099.77020004,9104.63202426,0.21357520,1945.22892549
721,2020-07-03 13:05:00,9100.97120097,9103.39589999,9097.77100000,9101.79529999,0.79016025,7189.55875830
722,2020-07-03 13:10:00,9100.39479994,9107.44699997,9100.39479994,9107.44699996,0.57183114,5204.94335888
723,2020-07-03 13:15:00,9106.04304005,9108.33999997,9101.17000001,9108.33999997,0.46807094,4261.52280573
724,2020-07-03 13:20:00,9103.67894092,9122.93821453,9103.67894092,9122.93821453,0.56750821,5170.07979419
725,2020-07-03 13:25:00,9116.70790002,9120.64699235,9113.43940705,9115.63860000,0.26257702,2394.01695789
726,2020-07-03 13:30:00,9118.76899874,9118.76899874,9105.49200002,9105.49200002,3.47553876,31673.55536544
727,2020-07-03 13:35:00,9112.14680000,9112.14680000,9104.20435965,9104.20435965,0.06818090,621.14194393
728,2020-07-03 13:40:00,9103.56400003,9108.75099998,9100.02300005,9104.24869997,0.04819426,438.82322230
729,2020-07-03 13:45:00,9105.41257323,9110.81680000,9098.72350004,9110.81680000,2.82620503,25743.58263468
730,2020-07-03 13:50:00,9109.60800898,9112.52680000,9103.94410001,9107.06140000,1.86528654,16992.20468819
731,2020-07-03 13:55:00,9103.39620015,9103.67069798,9091.93410003,9091.93410003,2.52579608,22984.35587587
732,2020-07-03 14:00:00,9098.17499443,9102.66837955,9088.39609500,9102.66837954,0.43631277,3968.92400935
733,2020-07-03 14:05:00,9102.66837954,9102.66837954,9096.62600001,9100.30910000,1.71171137,15573.66841735
734,2020-07-03 14:10:00,9096.50060003,9103.98919521,9093.64330002,9098.36360000,0.89423244,8136.26724335
735,2020-07-03 14:15:00,9093.66910003,9102.79269996,9093.66910003,9102.08627121,0.17847905,1623.18733849
736,2020-07-03 14:20:00,9102.08627121,9102.08627121,9090.96900001,9091.84679997,0.26451379,2405.93422835
737,2020-07-03 14:25:00,9091.74576098,9092.23120001,9082.90988110,9092.23120001,0.14299412,1299.63547399
738,2020-07-03 14:30:00,9097.19000000,9097.38915536,9095.14919999,9095.14919999,0.05114510,465.26521757
739,2020-07-03 14:35:00,9095.14919999,9095.14919999,9080.40424092,9084.20349999,0.06027598,547.60808603
740,2020-07-03 14:40:00,9084.00400001,9090.54117118,9084.00400001,9084.95411486,0.04247797,386.05266302
741,2020-07-03 14:45:00,9087.50000000,9090.87590595,9082.26000000,9088.19640000,0.13158208,1195.58198070
742,2020-07-03 14:50:00,9088.78128298,9090.31427235,9085.58350001,9086.30150121,0.09634123,875.42034453
743,2020-07-03 14:55:00,9084.28360001,9090.85411075,9081.38300007,9090.85411075,0.08839881,803.19459366
744,2020-07-03 15:00:00,9090.05259242,9097.60310000,9087.68350119,9097.60310000,0.99560372,9054.17624873
745,2020-07-03 15:05:00,9100.87208407,9107.06140000,9096.70907050,9101.96000000,1.76818916,16093.59249835
746,2020-07-03 15:10:00,9105.28519998,9105.28519998,9098.35970005,9105.28518717,0.04831817,439.67090713
747,2020-07-03 15:15:00,9096.69600002,9103.62030000,9096.69600002,9098.17820000,0.23958642,2180.13987195
748,2020-07-03 15:20:00,9099.66548599,9102.97600000,9098.17820000,9100.26300000,0.44788248,4075.56743184
749,2020-07-03 15:25:00,9098.17820000,9098.17820000,9089.44090009,9098.06047539,0.13935839,1267.71611262
750,2020-07-03 15:30:00,9097.32799999,9097.32799999,9090.60850015,9091.36363404,0.03326537,302.45383468
751,2020-07-03 15:35:00,9092.06952260,9096.63599810,9089.67400006,9089.82630002,0.49463161,4497.63319370
752,2020-07-03 15:40:00,9096.01324802,9104.20744193,9096.01324802,9100.29410000,0.90856423,8267.13879244
753,2020-07-03 15:45:00,9098.19820003,9105.35699998,9097.23370000,9103.75599999,1.96805094,17909.10572464
754,2020-07-03 15:50:00,9102.15322688,9103.75599999,9098.67810007,9100.61378641,0.06978710,635.08026868
755,2020-07-03 15:55:00,9105.35699996,9105.35699996,9094.80700000,9095.50180998,0.76408950,6951.80345816
756,2020-07-03 16:00:00,9095.50180998,9106.36032062,9093.22600004,9096.34690000,1.51981738,13824.42788857
757,2020-07-03 16:05:00,9096.11800568,9096.31900000,9091.32817951,9096.31900000,0.58353894,5306.55165792
758,2020-07-03 16:10:00,9100.61800001,9110.05102038,9096.76047297,9110.05102000,0.76011719,6919.64882653
759,2020-07-03 16:15:00,9110.05102000,9110.05102038,9103.88350000,9107.19958781,0.46255985,4212.21056702
760,2020-07-03 16:20:00,9106.56786057,9108.96511773,9097.03829164,9097.86499999,0.72624234,6610.79058321
761,2020-07-03 16:25:00,9096.36449999,9096.36450000,9090.98420273,9090.98420273,0.67631177,6150.06968745
762,2020-07-03 16:30:00,9095.30329999,9097.10389996,9091.18598519,9091.18598715,0.33056239,3006.36673936
763,2020-07-03 16:35:00,9091.18598715,9097.99760000,9091.18598714,9091.28510000,0.48990724,4454.76117560
764,2020-07-03 16:40:00,9091.28509997,9092.85460000,9084.32830006,9092.47379999,0.10341391,940.10732767
765,2020-07-03 16:45:00,9090.77319999,9090.77319999,9085.07829997,9085.07829997,0.09271385,842.61261317
766,2020-07-03 16:50:00,9081.15980008,9089.27969997,9081.15980008,9089.27969997,0.08696924,790.37818169
767,2020-07-03 16:55:00,9084.86530313,9094.75171963,9084.86530313,9091.66210000,0.10377114,943.31185888
768,2020-07-03 17:00:00,9091.18040000,9096.99880000,9089.87415079,9096.99880000,0.71212710,6473.94352955
769,2020-07-03 17:05:00,9097.09800002,9102.51719999,9096.45645091,9101.01650000,0.50834053,4625.84802116
770,2020-07-03 17:10:00,9101.52230000,9102.98259999,9096.45644956,9102.98259999,0.14821383,1348.66620629
771,2020-07-03 17:15:00,9102.37617377,9102.98260000,9090.51980003,9096.13869999,0.82377834,7498.24615772
772,2020-07-03 17:20:00,9090.51980004,9093.83750000,9087.14203174,9092.58130000,1.16007533,10547.83155108
773,2020-07-03 17:25:00,9091.53850127,9093.82288947,9088.37099175,9090.00000006,0.25412346,2309.87180794
774,2020-07-03 17:30:00,9094.10176470,9094.10176470,9090.00000001,9090.00000004,0.57050491,5187.04866483
775,2020-07-03 17:35:00,9090.00000004,9090.00000004,9085.08947515,9090.00000004,0.69304915,6298.83303125
776,2020-07-03 17:40:00,9089.60435432,9095.47700000,9089.60435432,9094.57519156,0.26969483,2451.81668829
777,2020-07-03 17:45:00,9092.85810002,9095.55791912,9092.85810002,9095.55791911,0.16361210,1488.12562226
778,2020-07-03 17:50:00,9095.55791911,9100.37999210,9095.55791911,9100.37999210,1.37713864,12525.96901411
779,2020-07-03 17:55:00,9095.27629755,9095.27629755,9095.27629205,9095.27629205,0.01098684,99.92834536
780,2020-07-03 18:00:00,9088.35830005,9092.27499660,9081.05890002,9087.87198838,0.72945431,6627.58587261
781,2020-07-03 18:05:00,9086.23871153,9086.23871153,9084.26889997,9084.26889997,0.34564351,3140.36074689
782,2020-07-03 18:10:00,9084.26889996,9084.26889996,9076.00000000,9083.10343122,0.25875857,2348.78932569
783,2020-07-03 18:15:00,9077.15920011,9085.61447851,9076.00000001,9077.24580000,0.12740986,1156.84164427
784,2020-07-03 18:20:00,9079.65900001,9086.23871153,9078.14420000,9086.23871153,0.09242576,839.28470604
785,2020-07-03 18:25:00,9081.81993733,9086.23871153,9080.31220000,9080.80460000,0.14564036,1322.88345758
786,2020-07-03 18:30:00,9080.96710486,9085.00999998,9076.59940001,9083.40899999,0.01653346,150.17343524
787,2020-07-03 18:35:00,9083.19013338,9094.69599994,9083.19013338,9094.69599994,0.58274789,5296.85808980
788,2020-07-03 18:40:00,9093.99237989,9094.69599994,9089.00000000,9091.15287458,0.19745237,1795.18341652
789,2020-07-03 18:45:00,9089.00000000,9090.94242480,9089.00000000,9089.78580001,0.15738524,1430.55500517
790,2020-07-03 18:50:00,9089.04558281,9091.10200000,9080.46272649,9087.09870000,0.67557590,6140.05599602
791,2020-07-03 18:55:00,9085.19169999,9085.19169999,9080.28110000,9082.97636003,0.15627342,1419.22631198
792,2020-07-03 19:00:00,9080.00000000,9080.00000000,9080.00000000,9080.00000000,0.00208597,18.94060760
793,2020-07-03 19:05:00,9080.00000000,9081.49999996,9076.00000000,9076.00000000,0.17394451,1579.11331115
794,2020-07-03 19:10:00,9076.10553064,9077.03883988,9069.76760000,9071.14980649,0.32458282,2945.54442325
795,2020-07-03 19:15:00,9074.99999999,9079.99999996,9074.57681890,9077.04900000,0.31523833,2861.11389732
796,2020-07-03 19:20:00,9077.04900000,9079.99999997,9075.14930002,9079.99999997,0.25464116,2311.63916914
797,2020-07-03 19:25:00,9077.17641135,9084.08599997,9074.90682567,9076.30000007,0.38756437,3519.91634073
798,2020-07-03 19:30:00,9076.30000006,9081.10849998,9070.80100152,9078.44569998,0.82481067,7484.28807584
799,2020-07-03 19:35:00,9078.44569998,9082.71550000,9070.00000001,9082.71550000,0.45559628,4133.83610313
800,2020-07-03 19:40:00,9082.71549998,9083.53209998,9075.92310002,9077.36486439,0.23010675,2089.39553367
801,2020-07-03 19:45:00,9083.53209998,9083.53209998,9077.12290002,9077.92270002,0.52395486,4756.72294904
802,2020-07-03 19:50:00,9084.36875465,9088.23835212,9077.92270006,9088.23835212,0.24716856,2245.19481373
803,2020-07-03 19:55:00,9087.56081742,9088.51422497,9087.56081742,9088.51422497,0.36645318,3330.31936549
804,2020-07-03 20:00:00,9083.42180004,9084.12249999,9075.42310007,9075.91673685,0.50427458,4578.86505378
805,2020-07-03 20:05:00,9079.72989996,9079.72989996,9074.98200522,9079.27681635,0.06772377,614.87059737
806,2020-07-03 20:10:00,9074.02700014,9078.82929999,9070.00000005,9075.62750000,0.06094751,553.12770840
807,2020-07-03 20:15:00,9075.16677398,9075.85004486,9075.16677397,9075.69711204,0.20918433,1898.45027850
808,2020-07-03 20:20:00,9076.16405971,9082.21112752,9076.16405971,9082.21112752,0.53258587,4836.40716044
809,2020-07-03 20:25:00,9076.85862519,9083.45790000,9076.85862519,9076.94000011,0.49454249,4491.89778493
810,2020-07-03 20:30:00,9078.03130467,9082.53989999,9078.03130467,9082.53989999,0.28269795,2566.75855068
811,2020-07-03 20:35:00,9082.53989999,9083.57041996,9078.26337556,9083.57041996,0.92068741,8362.46127350
812,2020-07-03 20:40:00,9078.26337564,9083.49524276,9078.26337564,9083.49524263,0.34655249,3146.73223173
813,2020-07-03 20:45:00,9078.95625888,9099.03109999,9078.95625888,9093.61200006,0.88622633,8054.13857042
814,2020-07-03 20:50:00,9093.61200006,9099.03109301,9087.43380000,9094.35109762,0.85407068,7762.11874675
815,2020-07-03 20:55:00,9092.93779999,9092.93779999,9092.22049078,9092.22049078,0.17849769,1623.06707295
816,2020-07-03 21:00:00,9092.22049078,9092.22049078,9088.82140002,9090.60480000,0.21160374,1923.90733828
817,2020-07-03 21:05:00,9092.14348242,9092.22049078,9092.10851313,9092.22049078,0.55913382,5083.75904298
818,2020-07-03 21:10:00,9090.00000000,9094.77416941,9090.00000000,9090.00000000,0.18241422,1658.31460656
819,2020-07-03 21:15:00,9091.21746478,9092.28019998,9084.15214696,9084.60451505,0.31534310,2866.50510236
820,2020-07-03 21:20:00,9090.19803452,9090.19803812,9083.66470010,9090.19803810,0.78355329,7119.98240122
821,2020-07-03 21:25:00,9083.86557711,9088.87809994,9083.54000002,9084.41353996,0.44675796,4058.34659682
822,2020-07-03 21:30:00,9084.41353995,9088.87808942,9083.26470000,9088.65008438,0.52955777,4811.37134650
823,2020-07-03 21:35:00,9088.65008438,9088.65008438,9083.26470015,9083.26470016,0.10157265,922.72258049
824,2020-07-03 21:40:00,9087.96929520,9087.96929520,9080.92890556,9086.72520000,3.87258335,35176.52791419
825,2020-07-03 21:45:00,9081.16480000,9086.17839598,9080.92890554,9084.88776029,0.56363619,5119.21886222
826,2020-07-03 21:50:00,9086.80750000,9090.19803809,9083.18623545,9084.30780008,0.29654190,2694.86881064
827,2020-07-03 21:55:00,9089.12290000,9093.13320000,9087.00809102,9093.13320000,0.55711700,5064.38547531
828,2020-07-03 22:00:00,9092.72532479,9099.01596276,9087.28134006,9087.38100004,0.66663670,6062.75271388
829,2020-07-03 22:05:00,9090.33900427,9093.87112824,9090.33900426,9093.87112824,0.11678388,1061.78637003
830,2020-07-03 22:10:00,9093.47582865,9093.47582865,9089.53013674,9089.53013674,1.09037922,9911.71949624
831,2020-07-03 22:15:00,9091.05819999,9095.23580001,9091.05819999,9093.43700003,0.66535888,6051.02419714
832,2020-07-03 22:20:00,9093.43700003,9096.76330000,9093.43700003,9096.76330000,0.81427091,7407.22663537
833,2020-07-03 22:25:00,9096.51680585,9096.51680585,9083.12126221,9087.77500012,0.35540257,3230.77135789
834,2020-07-03 22:30:00,9093.19239632,9093.19239632,9087.77500006,9088.02501085,0.06593975,599.33985030
835,2020-07-03 22:35:00,9085.77630011,9086.52177692,9081.57900006,9086.52177692,0.01740953,158.18349233
836,2020-07-03 22:40:00,9086.39299270,9089.57323021,9082.67830016,9082.67830016,0.15757319,1432.02707920
837,2020-07-03 22:45:00,9086.11599999,9086.21600000,9081.57900018,9085.36817574,0.48326076,4390.92265977
838,2020-07-03 22:50:00,9085.36817574,9092.33929999,9085.36817574,9089.90000000,0.14321458,1301.79393560
839,2020-07-03 22:55:00,9088.33890000,9088.33890000,9085.36817574,9085.36817574,0.34477657,3132.61975318
840,2020-07-03 23:00:00,9085.18599999,9085.18599999,9070.00000000,9070.00000020,0.10179985,923.57172921
841,2020-07-03 23:05:00,9070.00000016,9076.09099998,9068.78980000,9068.78980000,0.57157916,5184.04875756
842,2020-07-03 23:10:00,9068.78980000,9068.78980000,9059.23555776,9063.85300004,0.20026195,1814.70129700
843,2020-07-03 23:15:00,9069.25269995,9069.47497079,9069.25269995,9069.47497079,0.00351281,31.85868466
844,2020-07-03 23:20:00,9071.65329997,9071.65329997,9067.65100314,9067.65100314,0.00774501,70.25781395
845,2020-07-03 23:25:00,9070.00001432,9075.85449999,9070.00001432,9070.10000523,0.26590243,2412.58090829
846,2020-07-03 23:30:00,9077.15489999,9077.15489999,9060.90000524,9064.99999999,1.05650873,9574.63450147
847,2020-07-03 23:35:00,9064.99999999,9065.00000000,9047.89747510,9054.80399999,1.99733603,18082.27670602
848,2020-07-03 23:40:00,9057.36319999,9063.76055780,9040.73245637,9063.65810000,4.61673126,41763.35700415
849,2020-07-03 23:45:00,9060.46050009,9068.13330000,9060.46050009,9068.13330000,0.06389785,579.12636196
850,2020-07-03 23:50:00,9068.13329999,9068.13329999,9056.77145769,9059.71300000,0.79737139,7224.45583374
851,2020-07-03 23:55:00,9059.71300000,9074.53950000,9056.77145777,9063.59620000,0.35143284,3185.88204643
852,2020-07-04 00:00:00,9057.12060000,9058.98943148,9045.15865215,9056.20339999,0.86453657,7824.60647408
853,2020-07-04 00:05:00,9054.70310000,9059.17339999,9048.70303208,9058.17109999,1.72871865,15645.34305952
854,2020-07-04 00:10:00,9057.32458666,9067.47309036,9057.32458666,9061.77189999,0.41246751,3737.31595210
855,2020-07-04 00:15:00,9061.19433403,9061.77189999,9056.52474603,9061.77189999,0.10126538,917.58638346
856,2020-07-04 00:20:00,9061.77189999,9067.67309999,9060.17159999,9063.67430006,0.32026748,2901.93525059
857,2020-07-04 00:25:00,9063.81288016,9072.07810000,9063.37850992,9065.17761986,0.60443601,5483.17837047
858,2020-07-04 00:30:00,9072.07810000,9074.80700000,9065.17761992,9074.80700000,0.13139099,1192.26115389
859,2020-07-04 00:35:00,9074.95143048,9075.59527741,9066.97692799,9066.97692799,0.07382977,669.64026188
860,2020-07-04 00:40:00,9072.19219999,9080.98669999,9071.88050009,9072.28030018,0.74730587,6781.84305928
861,2020-07-04 00:45:00,9072.70726105,9077.86919998,9072.00000005,9073.09578212,0.19318153,1753.05450192
862,2020-07-04 00:50:00,9073.45653773,9073.45653773,9065.56670018,9069.21249717,0.21962169,1992.38624571
863,2020-07-04 00:55:00,9069.21249718,9071.38513860,9063.51151736,9069.27782300,0.26179490,2374.40584573
864,2020-07-04 01:00:00,9068.89560004,9070.09699994,9052.79547887,9052.79547888,1.76916039,16035.16572661
