time,open,high,low,close,volume
2017-01-01 01:00:00,958.79175472,967.51,958.79175472,964.32209017,20.07386504
2017-01-01 02:00:00,965.666,966.79999994,962.0,962.99999999,15.47020184
2017-01-01 03:00:00,962.99999999,964.99999999,958.21600002,959.0,13.957849
2017-01-01 04:00:00,959.99999999,959.99999999,956.67598141,959.0,7.10553774
2017-01-01 05:00:00,959.9290938,963.73927964,959.9290938,963.73927964,7.10702427
2017-01-01 06:00:00,963.73927158,965.0,962.76930359,962.86000016,6.58184682
2017-01-01 07:00:00,964.0,966.61499999,962.85999999,966.17368384,7.11796546
2017-01-01 08:00:00,965.00000055,966.14999996,961.7,964.13326735,14.62517062
2017-01-01 09:00:00,964.13326801,967.0,964.13326801,966.75,9.72081895
2017-01-01 10:00:00,966.99999999,968.0,961.7,963.250005,20.85231904
2017-01-01 11:00:00,962.00000002,963.99999998,957.02,960.54319521,22.88805596
2017-01-01 12:00:00,960.97761407,967.46186749,960.19226674,962.10168116,28.51773788
2017-01-01 13:00:00,962.57926694,964.68998972,961.0899636,964.50000015,6.73775342
2017-01-01 14:00:00,964.49999766,965.61528653,962.61528653,964.13354144,7.5478782
2017-01-01 15:00:00,964.13354232,967.99989999,963.68010837,967.8,12.81341663
2017-01-01 16:00:00,966.99999999,967.85,962.72003911,963.76912147,12.33138236
2017-01-01 17:00:00,963.76912147,965.61528862,963.21284972,963.85195701,11.58038726
2017-01-01 18:00:00,965.61528862,975.26100767,964.67378955,975.26100767,63.81315219
2017-01-01 19:00:00,975.26100767,976.301,970.64783357,974.51000806,20.10568634
2017-01-01 20:00:00,974.51001253,976.301,972.06373509,974.0,4.05496131
2017-01-01 21:00:00,973.39,975.25100262,970.71223893,974.99999999,8.6645979
2017-01-01 22:00:00,973.73407716,976.0,972.54763186,976.0,11.96194003
2017-01-01 23:00:00,976.0,980.00000001,976.0,979.15442978,36.44768141
2017-01-02 00:00:00,979.15442979,999.9,979.15442979,995.13317573,172.0427626
2017-01-02 01:00:00,993.73245169,998.67475873,991.00000071,994.29353106,47.78522223
2017-01-02 02:00:00,993.00000159,1002.0,993.00000159,996.59538192,99.84112629
2017-01-02 03:00:00,998.24999999,1000.0,994.69436723,999.70000119,65.52227673
2017-01-02 04:00:00,997.90001872,1006.55,997.90001872,1005.84692623,92.11898999
2017-01-02 05:00:00,1005.84692623,1008.54999326,1001.84692611,1005.99999956,64.39810731
2017-01-02 06:00:00,1005.99999939,1007.40360648,1000.2,1005.99999949,96.0947808
2017-01-02 07:00:00,1004.99999999,1005.99999991,994.74180566,999.36463982,232.13537081
2017-01-02 08:00:00,999.92218873,1001.61855891,998.78101616,1001.0,19.56277538
2017-01-02 09:00:00,1001.61855471,1002.29527406,997.11485556,998.79014392,56.60436971
2017-01-02 10:00:00,1001.99999991,1008.72184235,997.18400001,1008.72184235,55.21437063
2017-01-02 11:00:00,1007.85872003,1017.0,1007.85872003,1012.99999844,74.47316975
2017-01-02 12:00:00,1011.70463477,1017.99999999,1005.36570622,1016.40000001,35.86888426
2017-01-02 13:00:00,1016.75199999,1017.99999999,1013.45820897,1014.78896246,16.45152388
2017-01-02 14:00:00,1013.45820897,1014.89499987,1010.0,1013.21999998,37.83196426
2017-01-02 15:00:00,1011.76600095,1019.94999999,1011.76600095,1018.92603154,35.25913256
2017-01-02 16:00:00,1019.0,1019.94999999,1011.0,1014.89692865,48.37255461
2017-01-02 17:00:00,1014.89692863,1020.0,1011.40001287,1019.81726804,48.06012069
2017-01-02 18:00:00,1019.81726794,1024.0,1017.96518928,1023.99999999,56.78318709
2017-01-02 19:00:00,1023.99999999,1034.32896003,1023.00000095,1033.5,71.48335836
2017-01-02 20:00:00,1033.5,1033.9990995,1023.38596841,1028.86999888,139.89873744
2017-01-02 21:00:00,1028.86999888,1029.00000245,1000.00000001,1017.20000677,221.377767
2017-01-02 22:00:00,1019.00519518,1028.28111929,1015.76373813,1025.50000375,50.19431117
2017-01-02 23:00:00,1025.50000375,1029.72687521,1021.1,1028.0,39.30520912
2017-01-03 00:00:00,1027.53000002,1033.9990995,1025.3945903,1027.19777416,75.44522664
2017-01-03 01:00:00,1029.0999995,1031.09999998,1022.08670546,1024.49999964,67.37438844
2017-01-03 02:00:00,1024.49999964,1028.98386194,1020.93154734,1022.67810821,89.8869596
2017-01-03 03:00:00,1020.93154734,1023.39519742,1011.0713565,1013.66007041,108.99431562
2017-01-03 04:00:00,1012.18140289,1024.05221194,994.00000044,1024.05221194,344.8426033
2017-01-03 05:00:00,1024.05221194,1025.0,1014.85898962,1017.0,63.86304483
2017-01-03 06:00:00,1017.49999997,1024.99999999,1014.85898962,1022.0017823,40.49352248
2017-01-03 07:00:00,1020.00000001,1022.00178184,1016.23668713,1019.00000076,19.4010947
2017-01-03 08:00:00,1019.00000076,1030.35455897,1018.00000023,1027.89435292,59.04873364
2017-01-03 09:00:00,1027.9043529,1029.40678486,1023.15000006,1028.78073475,33.05390683
2017-01-03 10:00:00,1028.6797353,1028.77973407,1020.0,1024.99999932,45.48879846
2017-01-03 11:00:00,1023.37600348,1028.999,1023.37600348,1027.90845791,11.49644593
2017-01-03 12:00:00,1028.36329008,1028.999,1024.55918998,1027.27494386,12.87029271
2017-01-03 13:00:00,1027.85843602,1027.85843603,1021.7999948,1023.45001295,30.90512453
2017-01-03 14:00:00,1023.45001295,1025.00000491,1018.78084087,1021.0,51.68113878
2017-01-03 15:00:00,1020.11214093,1022.12656104,1015.40000001,1020.60000451,59.66169429
2017-01-03 16:00:00,1021.99999999,1025.00000491,1016.0000003,1017.0000012,61.54287824
2017-01-03 17:00:00,1017.95621188,1022.67813577,1011.0,1012.814399,58.31215323
2017-01-03 18:00:00,1016.85820444,1019.99999999,1010.0,1019.99999993,90.66560273
2017-01-03 19:00:00,1019.99999993,1022.0,1016.60198191,1020.44,31.45916667
2017-01-03 20:00:00,1020.44,1025.98126518,1019.30000001,1021.5,38.14475047
2017-01-03 21:00:00,1023.99999304,1024.82899631,1012.9,1018.32000001,57.39982192
2017-01-03 22:00:00,1018.38100001,1021.0,1014.1,1014.46000003,64.43088591
2017-01-03 23:00:00,1017.52362508,1021.17574655,1012.23593031,1018.06785697,75.89915768
2017-01-04 00:00:00,1017.99999999,1019.44489504,1013.0,1015.45015727,66.61795306
2017-01-04 01:00:00,1015.45015836,1020.0178,1013.1266112,1020.0,38.50409473
2017-01-04 02:00:00,1020.0,1025.5,1018.36557888,1020.48971801,37.58482926
2017-01-04 03:00:00,1020.48971801,1024.83883678,1017.00000003,1023.29999998,52.31404275
2017-01-04 04:00:00,1023.0,1027.74006947,1018.72,1024.31987645,62.27062445
2017-01-04 05:00:00,1022.40700186,1028.99,1016.93177388,1027.94999998,73.83319694
2017-01-04 06:00:00,1027.95,1029.0,1025.01589058,1029.0,62.76899385
2017-01-04 07:00:00,1029.0,1041.85398944,1027.8,1037.1,141.78403943
2017-01-04 08:00:00,1037.1,1043.89898493,1035.90069968,1041.84599999,62.98765598
2017-01-04 09:00:00,1041.84599999,1045.99999999,1037.27606911,1043.02205141,38.21008772
2017-01-04 10:00:00,1043.02205362,1045.99999999,1039.46521035,1039.8000038,29.61714511
2017-01-04 11:00:00,1041.99999998,1052.86383786,1039.80000496,1050.56828404,83.46361536
2017-01-04 12:00:00,1048.77041661,1054.99999999,1044.68794903,1052.9,63.14268182
2017-01-04 13:00:00,1054.0,1058.80000008,1052.9,1058.47673621,108.23155651
2017-01-04 14:00:00,1058.06685329,1059.0,1055.00000073,1058.99999998,19.02029675
2017-01-04 15:00:00,1058.99199999,1065.0,1057.60000001,1058.41310249,78.2190295
2017-01-04 16:00:00,1058.41310249,1061.0,1056.30124448,1056.30124448,37.80273692
2017-01-04 17:00:00,1056.30124447,1065.0,1055.00000001,1063.40900442,58.56735037
2017-01-04 18:00:00,1065.0,1076.69812057,1063.40900335,1076.69812057,118.5144576
2017-01-04 19:00:00,1076.69812057,1086.48000004,1075.09135846,1079.99999989,184.24339837
2017-01-04 20:00:00,1079.99999989,1089.987,1075.0,1088.97,150.62945174
2017-01-04 21:00:00,1088.97,1095.0,1085.2,1094.49006004,155.85611803
2017-01-04 22:00:00,1094.49006004,1095.23421286,1057.02770894,1087.99999988,451.48741146
2017-01-04 23:00:00,1087.99999986,1090.30999999,1080.1,1085.75,86.18200479
2017-01-05 00:00:00,1085.75,1100.45001259,1083.47618919,1100.02,202.77917693
2017-01-05 01:00:00,1100.00000002,1133.08023293,1096.25,1131.42250006,316.8640991
2017-01-05 02:00:00,1131.42250004,1135.99999998,1125.99999996,1130.00000021,284.84141674
2017-01-05 03:00:00,1130.50000002,1134.885,1091.0,1120.0,393.54856993
2017-01-05 04:00:00,1120.0,1129.99999999,1091.00003119,1091.00003119,200.04340328
2017-01-05 05:00:00,1091.03000001,1115.32146782,1089.0,1095.0,187.99320672
2017-01-05 06:00:00,1095.0,1140.0,1094.0000011,1138.21103505,198.95020959
2017-01-05 07:00:00,1138.21103505,1148.0,1120.00000001,1136.0,232.41745779
2017-01-05 08:00:00,1134.10000001,1135.99,1097.00000009,1103.99999999,142.81917228
2017-01-05 09:00:00,1107.88399953,1140.0,1104.00000001,1129.01000001,143.46895544
2017-01-05 10:00:00,1128.5,1139.0,1120.0,1126.0,46.62041336
2017-01-05 11:00:00,1127.126,1139.0,1124.55000011,1137.74514047,87.35294542
2017-01-05 12:00:00,1135.74514048,1149.71009999,1128.0,1147.03000001,72.59971422
2017-01-05 13:00:00,1147.03000001,1159.103,1142.3166655,1145.0,180.80395678
2017-01-05 14:00:00,1145.0,1155.93937902,1140.00000001,1140.972626,71.7562011
2017-01-05 15:00:00,1142.11358964,1148.96587149,1135.0,1146.62889542,100.31191134
2017-01-05 16:00:00,1146.62889524,1148.79999697,1120.0,1137.39236962,155.02879146
2017-01-05 17:00:00,1133.02000002,1136.95999998,1035.0,1067.00000001,965.59622317
2017-01-05 18:00:00,1070.00000001,1111.0,1064.0,1084.99999998,389.78997
2017-01-05 19:00:00,1084.99999998,1100.0,1080.6387325,1088.74884984,86.75397776
2017-01-05 20:00:00,1085.51000021,1087.24166247,980.0,982.23352342,1166.20450401
2017-01-05 21:00:00,983.868504,1001.85018295,882.01,944.09290145,2195.54377792
2017-01-05 22:00:00,946.71481478,967.99999998,937.81854879,959.99999897,621.5684029
2017-01-05 23:00:00,959.99999897,995.0,952.72829305,994.99999999,538.87324511
2017-01-06 00:00:00,994.99999999,995.0,940.338,955.17628658,545.18761375
2017-01-06 01:00:00,958.51000008,969.00000001,949.5726427,960.01000051,286.45749666
2017-01-06 02:00:00,960.01000052,985.058661,960.01000051,982.50558641,226.41826368
2017-01-06 03:00:00,981.00000232,983.00000015,953.0,959.99999998,250.34452696
2017-01-06 04:00:00,958.956,977.88621198,950.0,968.82000001,180.52573013
2017-01-06 05:00:00,968.81999989,968.82000001,956.10740298,965.05975,54.36479656
2017-01-06 06:00:00,965.05975,1008.0,962.8168758,1007.99000003,444.27525104
2017-01-06 07:00:00,1007.999,1018.99148415,983.00000012,998.8,294.78981453
2017-01-06 08:00:00,998.8,1015.0,993.73480452,1012.98104867,86.81551674
2017-01-06 09:00:00,1014.9,1024.88,1004.91582196,1004.91582196,170.15374111
2017-01-06 10:00:00,1005.0,1007.0,950.0,950.0,308.72282058
2017-01-06 11:00:00,950.01000001,983.76715972,950.0,979.81575992,138.20536184
2017-01-06 12:00:00,979.81575995,983.76715972,970.0,970.98001001,42.49571252
2017-01-06 13:00:00,970.98001001,985.01,970.0,979.84378433,204.62234847
2017-01-06 14:00:00,979.84378433,981.21899961,969.00108245,973.36694887,80.40215842
2017-01-06 15:00:00,975.99999999,979.38,937.913,974.99999999,264.224077
2017-01-06 16:00:00,974.0,975.01000003,941.01,949.99000002,192.51851526
2017-01-06 17:00:00,951.02144021,958.99999999,910.99999979,932.99999997,442.60035368
2017-01-06 18:00:00,933.48999993,939.99999999,911.1,928.30551243,226.20725182
2017-01-06 19:00:00,927.0,928.30551275,870.0,892.43999996,1227.24724095
2017-01-06 20:00:00,890.00000007,898.98,874.148117,890.89000017,413.59968922
2017-01-06 21:00:00,889.11089293,907.89999998,889.11088911,903.33179786,318.87857343
2017-01-06 22:00:00,900.10000005,904.9899999,880.39694749,902.19780904,267.78152211
2017-01-06 23:00:00,901.10000043,919.98291433,901.10000043,914.01000287,290.50718968
2017-01-07 00:00:00,915.0,923.00000023,900.0,900.27529215,201.90131984
2017-01-07 01:00:00,902.99999996,913.29999985,901.97529181,910.10000107,117.35508546
2017-01-07 02:00:00,912.68029404,913.3,880.92005365,889.99999928,263.8584799
2017-01-07 03:00:00,886.00010029,901.0,884.47654142,890.99999795,199.04870125
2017-01-07 04:00:00,886.8860016,893.99428528,875.58,883.26645995,169.73893404
2017-01-07 05:00:00,887.65205296,903.75895,883.5,895.071704,166.8925085
2017-01-07 06:00:00,896.99999785,898.0410951,886.0,888.00000051,137.72108548
2017-01-07 07:00:00,889.10000187,896.0,883.0000004,896.0,108.62979264
2017-01-07 08:00:00,896.0,898.96838814,885.6,890.62338131,50.83356749
2017-01-07 09:00:00,890.62338131,892.45766688,856.201,865.27842296,240.64175614
2017-01-07 10:00:00,865.27842298,866.0000001,832.0,848.0,762.63462551
2017-01-07 11:00:00,848.0,853.27908779,825.0,837.76000239,333.5371243
2017-01-07 12:00:00,837.40000239,846.0,820.0,839.12000052,301.5866567
2017-01-07 13:00:00,841.8999994,852.0,830.267,830.2670016,126.14666355
2017-01-07 14:00:00,831.99999999,841.99999899,829.00000006,831.99999926,93.52170766
2017-01-07 15:00:00,831.99999988,841.66844133,828.0,838.1,192.4999544
2017-01-07 16:00:00,838.41599726,840.99999994,822.31873122,822.31873128,162.58956345
2017-01-07 17:00:00,822.31873123,889.99899915,818.45971802,889.99899915,563.92099297
2017-01-07 18:00:00,890.0,894.76127981,875.01000002,886.76399999,227.42752088
2017-01-07 19:00:00,886.76400014,888.57741002,874.19591181,878.86999998,111.73779343
2017-01-07 20:00:00,877.76263342,898.58599994,876.88574824,887.96999623,173.63842416
2017-01-07 21:00:00,882.12338405,887.94999461,860.0,875.56100158,264.1604938
2017-01-07 22:00:00,875.56100169,898.0,871.42100002,893.8999998,189.17582988
2017-01-07 23:00:00,893.89999974,895.32000001,880.0,891.0,258.78229556
2017-01-08 00:00:00,891.0,910.8275191,890.95402091,900.86980872,279.50371998
2017-01-08 01:00:00,900.86980872,909.0,900.0,903.00000091,111.21403242
2017-01-08 02:00:00,904.99999938,907.99999702,878.0,891.73847159,200.64807911
2017-01-08 03:00:00,891.7384716,902.12854069,883.00000004,888.99999999,67.3461015
2017-01-08 04:00:00,888.99999999,892.5588405,884.0,889.99999995,114.69213266
2017-01-08 05:00:00,890.00000006,896.44,885.05,889.70129829,112.56296286
2017-01-08 06:00:00,889.70129829,904.46937428,889.70129829,897.49999956,77.2913226
2017-01-08 07:00:00,896.251138,907.99989999,895.96295486,907.19047915,60.79615902
2017-01-08 08:00:00,907.0,907.25,896.05839121,897.0,85.80182328
2017-01-08 09:00:00,896.99000292,903.94304217,896.99000292,901.70823398,20.84004393
2017-01-08 10:00:00,901.70823398,920.20000001,897.85000315,920.1302,219.17703232
2017-01-08 11:00:00,919.6,922.0,917.91193385,921.99999981,65.07897299
2017-01-08 12:00:00,921.99999982,932.0,917.91194132,932.0,270.43297572
2017-01-08 13:00:00,932.11821354,939.65955395,920.37960729,934.99999999,255.59476807
2017-01-08 14:00:00,933.87000371,935.0,925.44600001,934.80000131,72.26865339
2017-01-08 15:00:00,934.96798948,938.0,928.10000002,931.99999847,65.11549491
2017-01-08 16:00:00,931.99999892,934.99998758,927.3,932.73034984,45.66887916
2017-01-08 17:00:00,932.73034984,938.0,931.1737619,936.89999857,88.82138619
2017-01-08 18:00:00,936.8999977,936.99999581,929.00100023,934.51867208,118.10067096
2017-01-08 19:00:00,933.89000001,934.51867207,910.000001,912.0,219.85298814
2017-01-08 20:00:00,913.99999985,924.81099995,912.00000083,915.40000114,99.19238845
2017-01-08 21:00:00,915.40000085,928.965,915.40000059,919.00000002,122.38384675
2017-01-08 22:00:00,920.99999128,928.59999988,919.00000031,924.0000003,65.20282311
2017-01-08 23:00:00,925.8732,925.8732,898.00000138,913.15999863,325.87088347
2017-01-09 00:00:00,912.75,914.09000001,902.00000112,904.0200026,65.80177595
2017-01-09 01:00:00,906.10000141,917.595,891.1,915.00000001,194.76701635
2017-01-09 02:00:00,917.50563069,918.22864384,907.64795582,912.1,72.07875632
2017-01-09 03:00:00,912.99999872,914.23999786,897.00000005,907.94999997,133.73937461
2017-01-09 04:00:00,907.94999999,918.92214081,906.0000001,915.00001829,99.37602471
2017-01-09 05:00:00,915.0,919.0,910.0,911.47999852,80.29804382
2017-01-09 06:00:00,911.0,917.99989971,901.69999598,914.22511527,95.83994753
2017-01-09 07:00:00,914.44556032,917.0,908.0,916.0,35.55275014
2017-01-10 02:00:00,893.29,893.29,893.28999999,893.28999999,0.57219955
2017-01-10 15:00:00,903.15195191,903.15195191,903.15195191,903.15195191,1.0
2017-01-10 18:00:00,912.10000043,912.10000043,912.10000043,912.10000043,0.00741175
2017-01-10 21:00:00,909.4398999,909.44,909.4398999,909.44,0.02196955
2017-01-10 22:00:00,908.82921505,909.82921503,908.82921505,909.111111,0.0048706
2017-01-11 00:00:00,906.08892404,906.08892404,904.50001432,904.50001432,0.06007992
2017-01-11 01:00:00,905.99899999,905.99899999,905.99899997,905.99899997,0.33833164
2017-01-11 04:00:00,905.50000139,905.50000139,905.50000139,905.50000139,0.00011832
2017-01-11 06:00:00,911.70000001,911.9989999,910.10000061,911.99899899,6.4120512
2017-01-11 07:00:00,907.83749708,907.83749708,907.1,907.1,0.121965
2017-01-11 09:00:00,910.0,910.00000001,910.0,910.0,0.18547605
2017-01-11 11:00:00,912.27001736,912.27001736,912.27001736,912.27001736,0.00961
2017-01-11 17:00:00,907.1644,907.1644,907.1644,907.1644,0.05058069
2017-01-11 19:00:00,838.0,849.0,838.0,849.0,3.64672331
2017-01-11 20:00:00,830.0,830.0,803.00000001,808.50000001,76.19943736
2017-01-11 21:00:00,814.99999999,819.00000003,794.81779997,816.00000022,4.03555963
2017-01-11 22:00:00,810.0,813.05406948,804.48838884,804.48838884,0.01426503
2017-01-12 00:00:00,797.0,815.99999875,797.0,815.99999875,0.04538676
2017-01-12 01:00:00,791.01,791.01,774.99999999,776.01110065,2.70973934
2017-01-12 02:00:00,779.00000001,779.00000001,779.00000001,779.00000001,0.00291173
2017-01-12 04:00:00,781.55000059,781.55000059,779.99999998,779.99999998,0.58266531
2017-01-12 05:00:00,782.0,787.0,782.0,785.89999061,5.6209549
2017-01-12 06:00:00,791.22200396,791.22200396,791.2220031,791.2220031,0.13188799
2017-01-12 07:00:00,785.20000078,785.20000078,783.00000001,783.00000001,1.79111167
2017-01-12 08:00:00,774.9,774.9,774.9,774.9,0.00642174
2017-01-12 09:00:00,764.01,764.01,758.10002,760.0,1.27814834
2017-01-12 10:00:00,775.00000046,775.99037988,775.00000004,775.99037988,2.08161975
2017-01-12 11:00:00,768.55885563,773.682641,767.00000002,770.64399759,0.39063768
2017-01-12 12:00:00,771.98101691,773.11742554,770.644,773.11742554,6.8503736
2017-01-12 13:00:00,770.75000463,770.75000463,767.13381696,767.13381696,0.16530811
2017-01-12 14:00:00,768.99999908,772.79892754,762.69614246,765.00000835,50.39218436
2017-01-12 16:00:00,764.26685445,769.00000067,764.26685445,766.00000151,2.69014379
2017-01-12 17:00:00,765.19187843,765.19187843,763.95709948,763.95710016,0.11943503
2017-01-12 18:00:00,760.95454004,767.64859205,760.95454004,767.64859205,4.77572326
2017-01-12 20:00:00,772.1046067,774.50325277,772.00000353,772.00000353,0.1545281
2017-01-12 23:00:00,786.68214164,786.68214164,786.0,786.0,0.03303346
2017-01-13 00:00:00,804.99999902,804.99999902,804.99999902,804.99999902,1.301
2017-01-13 02:00:00,803.45,807.98971056,803.44861063,805.9897092,40.19989358
2017-01-13 03:00:00,805.9897092,819.999,805.9897092,819.00000001,104.83233612
2017-01-13 04:00:00,819.99,825.19999983,814.50349551,821.29581807,232.25279104
2017-01-13 05:00:00,819.99999998,832.09999999,819.99999,826.99999997,95.24893002
2017-01-13 06:00:00,826.99999922,832.87989967,802.0,814.32,193.61856164
2017-01-13 07:00:00,816.125114,816.125114,800.0,800.0,1.46113904
2017-01-13 08:00:00,803.69527987,809.72600002,803.69527987,808.68333999,8.49876236
2017-01-13 09:00:00,811.00000199,811.00000199,811.00000199,811.00000199,0.04326172
2017-01-13 10:00:00,806.69170798,812.01899497,806.69170798,812.0000145,17.84416709
2017-01-13 11:00:00,812.0000142,812.0000142,788.0,788.00000001,146.19498414
2017-01-13 12:00:00,788.00000001,789.39999702,780.0999996,787.0,137.13586826
2017-01-13 13:00:00,786.99900001,789.39999854,780.0,784.00000004,150.90939833
2017-01-13 14:00:00,785.0,793.16660999,783.50881561,789.10647595,85.94901649
2017-01-13 15:00:00,789.10647595,791.47697983,776.02899497,780.68833696,51.56976713
2017-01-13 16:00:00,780.68833696,792.89549467,780.10000215,791.44,87.81220826
2017-01-13 17:00:00,792.43999881,805.8585361,790.0,803.0,107.40278876
2017-01-13 18:00:00,801.59723148,804.98999993,791.89265109,796.7,66.3702017
2017-01-13 19:00:00,795.99999985,802.77944642,795.99999985,800.57700018,46.99735923
2017-01-13 20:00:00,802.52014563,803.71915723,792.00000028,795.0000002,104.27419768
2017-01-13 21:00:00,795.00000302,805.99943569,795.0,805.99943569,25.42681641
2017-01-13 22:00:00,805.00000033,806.36904712,801.63603586,802.50000434,7.11252594
2017-01-13 23:00:00,821.0,821.0,813.01420018,814.99999994,0.88289676
2017-01-14 00:00:00,816.31100006,822.80000161,816.31100006,822.80000161,3.08766349
2017-01-14 01:00:00,825.04783421,825.04783421,819.20000001,825.0,13.15161613
2017-01-14 03:00:00,828.3206631,828.32066311,817.39684864,817.39684864,12.34763135
2017-01-14 04:00:00,825.02999997,825.6,817.10000001,817.10000001,0.16472474
2017-01-14 05:00:00,824.60250001,824.96326,824.60250001,824.96326,0.00366086
2017-01-14 06:00:00,826.0,827.10000099,826.0,827.10000099,3.67054429
2017-01-14 07:00:00,822.72918616,822.72918616,822.72918616,822.72918616,0.01
2017-01-14 08:00:00,829.00000041,833.00999999,829.0,832.13000001,10.37365294
2017-01-14 10:00:00,836.01167625,836.01167625,828.95741337,828.95741337,10.08812685
2017-01-14 11:00:00,822.71450282,822.71450282,819.0,819.0,2.9780102
2017-01-14 12:00:00,822.7029242,822.7029242,822.7029242,822.7029242,9.41e-06
2017-01-14 16:00:00,824.40632024,826.47295437,822.99373697,822.994,1.70611703
2017-01-14 20:00:00,829.06714752,829.06714752,828.0,828.0,4.26276066
2017-01-14 21:00:00,829.38730501,830.22899998,829.38730501,830.22899998,0.00372242
2017-01-14 23:00:00,830.1,830.1,830.1,830.1,0.003
2017-01-15 00:00:00,830.0,830.0,830.0,830.0,0.00198035
2017-01-15 07:00:00,814.00000001,816.1,814.00000001,816.1,0.95995507
2017-01-15 08:00:00,817.47703098,822.7029242,817.12594611,818.60993701,32.81697518
2017-01-15 09:00:00,818.24,822.7029242,818.24,819.00116132,29.38965278
2017-01-15 10:00:00,819.00116132,820.0,819.00116132,820.0,10.80618337
2017-01-15 12:00:00,815.92314894,815.92314894,815.92314894,815.92314894,0.03482736
2017-01-15 14:00:00,812.85285173,812.85285173,807.0,811.19999998,8.6647757
2017-01-15 16:00:00,811.67836765,811.67836765,811.67836765,811.67836765,0.7099968
2017-01-15 17:00:00,817.1297133,817.1297133,817.1297133,817.1297133,0.01273319
2017-01-16 04:00:00,808.28829879,811.19743921,808.28829879,811.19743921,0.81658205
2017-01-16 05:00:00,812.29941491,814.16879892,812.29941491,814.16879892,0.1402
2017-01-16 06:00:00,812.29592602,812.29592602,811.25,812.00000001,1.43064841
2017-01-16 08:00:00,818.76200077,819.99999998,818.762,818.762,0.19577039
2017-01-16 09:00:00,818.47999999,829.0,818.47999999,829.0,9.57946203
2017-01-16 10:00:00,829.0,829.59,828.10124954,829.59,0.473243
2017-01-16 11:00:00,825.99999995,829.21448542,825.99999995,828.9999995,1.68800394
2017-01-16 13:00:00,826.0,826.179216,825.20000001,826.00439644,0.06800575
2017-01-16 15:00:00,827.99999999,828.62008582,825.31200012,828.62008582,6.03256013
2017-01-16 16:00:00,826.0,826.0,825.9999,825.9999,0.36255703
2017-01-16 17:00:00,826.0,828.88,826.0,828.88,3.408
2017-01-16 19:00:00,819.87999997,822.96993532,818.39372954,818.445,1.16588446
2017-01-16 21:00:00,821.43432334,824.41885343,821.43432334,824.41885343,0.38549629
2017-01-16 22:00:00,823.0072314,823.0072314,823.0072314,823.0072314,0.00042364
2017-01-17 01:00:00,827.13000001,827.13000001,827.13000001,827.13000001,0.00606169
2017-01-17 03:00:00,826.41573581,826.41573581,826.41573581,826.41573581,0.00072841
2017-01-17 07:00:00,832.004,832.004,826.20000001,826.20000001,1.99206613
2017-01-17 08:00:00,828.58747147,828.58747147,827.75971184,827.75971184,0.28681121
2017-01-17 09:00:00,829.99999997,829.99999997,829.99999997,829.99999997,0.00100007
2017-01-17 11:00:00,840.91858166,842.00000001,840.91388572,841.13000008,1.51453304
2017-01-17 14:00:00,859.00000001,863.4155483,855.7,855.7,8.36261779
2017-01-17 15:00:00,864.52571072,884.74528103,863.19089235,881.20279202,3.46544274
2017-01-17 16:00:00,889.99999981,889.99999981,881.2,881.2,0.87696142
2017-01-17 17:00:00,880.0,880.0,879.05600199,879.05600199,0.30983616
2017-01-17 18:00:00,886.00000001,887.49,886.00000001,887.49,0.18414843
2017-01-17 19:00:00,882.00000004,882.86368225,872.99999999,872.99999999,1.93515834
2017-01-17 20:00:00,873.9,875.99999999,873.9,875.0,1.30050332
2017-01-17 21:00:00,880.96999962,880.96999962,880.96999962,880.96999962,0.99271451
2017-01-17 22:00:00,880.1,880.1,880.1,880.1,0.01136363
2017-01-17 23:00:00,882.586895,882.58689507,881.50000495,882.0,0.1705626
2017-01-18 01:00:00,884.5,896.5,884.5,896.5,0.21899114
2017-01-18 02:00:00,894.8990002,906.99999998,894.89899999,902.37147028,214.20801041
2017-01-18 03:00:00,902.37147027,905.99999999,895.88000001,905.31111,560.37701547
2017-01-18 04:00:00,905.96594059,908.53017772,894.0,896.5,196.35626448
2017-01-18 05:00:00,897.3965,900.1677708,891.11000001,898.02000008,269.09926888
2017-01-18 08:00:00,902.60494092,907.51676964,902.41801762,903.66202076,13.6311234
2017-01-18 09:00:00,905.1780014,905.1780014,898.01081118,898.01081118,0.16814106
2017-01-18 11:00:00,889.89999999,893.49424589,889.89999999,892.39999999,0.00560671
2017-01-18 16:00:00,890.0,890.0,890.0,890.0,0.65645621
2017-01-18 17:00:00,886.9,888.99999999,886.9,887.31269999,3.01159176
2017-01-18 18:00:00,892.76942429,892.76942429,890.31685033,890.31685033,0.07147978
2017-01-18 21:00:00,868.14112943,868.14112943,864.13176434,864.13176434,0.03007683
2017-01-18 22:00:00,865.98999992,865.98999992,850.53210003,858.0,8.56847156
2017-01-18 23:00:00,866.99899997,875.42074323,866.99899997,875.42074323,0.15007782
2017-01-19 00:00:00,870.00000948,872.77821548,870.00000948,872.77821548,0.19695545
2017-01-19 01:00:00,864.99999,872.72542,864.99999,870.45008892,1.77443515
2017-01-19 02:00:00,873.7792773,873.7792773,871.4170844,871.4170844,0.00036431
2017-01-19 04:00:00,865.76000009,870.01000047,865.76000009,870.01000047,0.02410034
2017-01-19 06:00:00,874.0,874.0,874.0,874.0,0.005
2017-01-19 08:00:00,890.01067278,891.01214,890.0,891.01214,1.44831332
2017-01-19 09:00:00,892.98999906,893.0,889.0,889.0,8.93271293
2017-01-19 11:00:00,896.0,896.0,895.99399991,895.99399991,0.59426967
2017-01-19 12:00:00,893.99999998,893.99999998,893.99999998,893.99999998,0.00115982
2017-01-19 13:00:00,889.0851269,891.69499998,888.7,889.99999965,5.5392542
2017-01-19 15:00:00,886.61001292,890.77,886.61001292,887.10000152,1.14127261
2017-01-19 16:00:00,889.59991978,895.99999998,889.59991978,895.99999998,2.30891874
2017-01-19 17:00:00,895.99999989,895.99999989,895.99999989,895.99999989,0.01048277
2017-01-19 18:00:00,892.00000266,892.00000266,892.00000266,892.00000266,0.00012032
2017-01-19 19:00:00,890.10103086,890.10103086,890.10103084,890.10103084,0.00223567
2017-01-19 20:00:00,889.99999999,889.99999999,889.99999998,889.99999998,0.01419715
2017-01-19 21:00:00,888.00000342,888.00000342,888.00000342,888.00000342,0.13343404
2017-01-19 22:00:00,891.00000092,893.72936219,890.00000384,892.59834655,0.68150198
2017-01-19 23:00:00,891.80000003,893.49747248,891.80000003,893.49747248,0.0023841
2017-01-20 00:00:00,894.109305,895.74999931,894.0,894.00000002,0.47757263
2017-01-20 01:00:00,894.1733349,903.20001002,894.1733349,903.0000101,2.11295255
2017-01-20 02:00:00,904.25487769,904.25487769,900.25000001,900.25000001,2.188889
2017-01-20 03:00:00,902.00000001,902.00000011,901.49999907,901.49999908,1.78381016
2017-01-20 04:00:00,901.50000008,901.51010042,901.50000008,901.51010042,0.00422536
2017-01-20 05:00:00,904.44778087,905.0,904.44778087,905.0,0.00262746
2017-01-20 06:00:00,903.35000001,904.00000002,895.00000092,896.0,4.71538443
2017-01-20 07:00:00,897.49999601,897.49999975,896.00000005,896.22218183,1.65954278
2017-01-20 08:00:00,901.99999263,901.99999263,901.00000001,901.00000001,0.53964978
2017-01-20 09:00:00,898.598,898.598,898.598,898.598,0.00792293
2017-01-20 10:00:00,896.00015133,898.21688768,896.00015133,898.21688768,0.0702175
2017-01-20 11:00:00,899.42154119,899.42154119,899.42154119,899.42154119,0.22890745
2017-01-20 12:00:00,897.99999833,897.99999833,887.5,889.0,5.88025974
2017-01-20 13:00:00,888.07410935,894.89939017,888.07410935,894.38613587,0.89377751
2017-01-20 14:00:00,893.77425975,893.77425975,893.68488257,893.68488257,0.03345669
2017-01-20 15:00:00,892.80386826,894.5478823,892.80386826,894.5478823,0.04771732
2017-01-20 16:00:00,892.77500594,892.77500594,890.10000002,891.00000003,1.13544655
2017-01-20 17:00:00,892.77500836,892.77500836,892.77500836,892.77500836,0.00736745
2017-01-20 18:00:00,883.0,888.73433122,883.0,887.28506977,1.28405227
2017-01-20 19:00:00,889.89999778,889.89999778,889.89999778,889.89999778,0.09126404
2017-01-20 20:00:00,891.77,893.92608202,891.77,893.92608202,0.74008413
2017-01-20 22:00:00,897.65858717,898.84336196,896.84336194,898.84336196,0.44466759
2017-01-20 23:00:00,898.36999999,899.29997,896.15458704,899.29997,0.54548668
2017-01-21 00:00:00,898.99999975,898.99999975,898.99999974,898.99999974,0.81101836
2017-01-21 01:00:00,899.00000014,899.00000014,897.09540125,897.09540125,1.3565426
2017-01-21 02:00:00,899.28359977,899.28359978,898.00000001,898.00000001,1.27891271
2017-01-21 03:00:00,897.7683,897.7683,897.7683,897.7683,0.0255
2017-01-21 04:00:00,901.50000001,901.50000001,901.50000001,901.50000001,0.0234216
2017-01-21 05:00:00,895.00001395,895.00001395,895.00001395,895.00001395,0.00039449
2017-01-21 07:00:00,896.00000001,897.77071822,896.00000001,897.77071822,0.34411403
2017-01-21 08:00:00,894.000001,896.77699999,894.000001,894.18442316,0.3735103
2017-01-21 09:00:00,894.50000001,894.50000001,894.50000001,894.50000001,0.00593852
2017-01-21 10:00:00,908.06093804,908.06093804,908.06093804,908.06093804,0.01002912
2017-01-21 11:00:00,909.9999999,919.99999999,909.9999999,919.99999999,38.85936238
2017-01-21 12:00:00,919.00313824,923.30992806,918.00000226,921.79999998,2.19075473
2017-01-21 13:00:00,920.0000002,920.0000002,913.0,915.16557843,0.40450653
2017-01-21 14:00:00,916.0,918.99999998,916.0,917.50000003,1.00065559
2017-01-21 15:00:00,917.51999992,920.00000001,917.51999992,920.00000001,1.28484347
2017-01-21 16:00:00,918.27500001,919.39999987,917.08719208,918.31792581,19.28906823
2017-01-21 17:00:00,921.5,921.5,921.5,921.5,0.00030533
2017-01-21 18:00:00,921.9999999,921.99999999,919.60000007,920.8,1.94945825
2017-01-21 19:00:00,921.00009938,923.99999905,921.00009938,921.20000016,0.88429281
2017-01-21 20:00:00,922.99999999,923.0,922.99999999,923.0,1.0
2017-01-21 21:00:00,924.7196382,924.99999999,923.1457766,923.14577669,4.2161909
2017-01-21 22:00:00,923.55999999,923.55999999,922.20399878,923.00000001,1.54600534
2017-01-21 23:00:00,921.60000001,921.60000001,920.00000001,921.12256677,0.677955
2017-01-22 00:00:00,921.6,921.6,919.29999999,920.01774728,0.04939092
2017-01-22 01:00:00,918.45211018,920.99999985,916.71200241,920.99999985,0.18324458
2017-01-22 02:00:00,920.99999985,922.89899999,920.99999985,921.72768289,0.893203
2017-01-22 03:00:00,921.70000001,921.70000001,921.70000001,921.70000001,0.00074625
2017-01-22 06:00:00,928.24119708,928.24119708,927.0,927.00000005,0.10742716
2017-01-22 07:00:00,925.91399997,926.087,925.40599999,925.40599999,0.14731331
2017-01-22 08:00:00,925.70599998,925.70599998,925.70599998,925.70599998,0.06825094
2017-01-22 09:00:00,934.44200002,934.50000001,932.8807724,934.0,2.68639246
2017-01-22 10:00:00,938.99999999,938.99999999,938.99999999,938.99999999,0.00983908
2017-01-22 11:00:00,936.85219394,938.5,932.2446357,936.5,2.3116831
2017-01-22 13:00:00,937.0,937.0,934.83100001,934.83100001,1.68049844
2017-01-22 14:00:00,934.0,935.24395535,934.0,935.24395535,3.64059291
2017-01-22 15:00:00,933.30000012,935.43705207,933.30000012,935.43705207,0.01396435
2017-01-22 16:00:00,935.99064009,936.30017395,935.99064009,936.30017395,0.10757696
2017-01-22 17:00:00,936.0376368,936.41000167,935.57778478,935.57778478,0.57158804
2017-01-22 18:00:00,933.0,933.0,925.90000026,931.2902854,4.73759135
2017-01-22 20:00:00,928.99999995,928.99999995,903.51001211,903.51001211,2.06666406
2017-01-22 21:00:00,910.96527767,910.96527767,908.19923294,908.19923294,0.1683738
2017-01-22 22:00:00,907.28703665,907.28703665,895.421,895.421,3.7813942
2017-01-22 23:00:00,910.31499998,910.4899998,908.02318938,908.02318938,0.59516744
2017-01-23 00:00:00,916.00000001,917.0,916.00000001,917.0,0.01702753
2017-01-23 01:00:00,916.05,919.84999999,916.05,919.84999999,1.27105583
2017-01-23 03:00:00,913.00000057,913.00000057,913.00000057,913.00000057,0.01442341
2017-01-23 05:00:00,920.4,920.4,920.4,920.4,0.46423139
2017-01-23 06:00:00,919.73909138,921.0,917.64134193,921.0,1.15105614
2017-01-23 07:00:00,922.99999999,922.99999999,922.99999999,922.99999999,0.00085142
2017-01-23 08:00:00,923.00000001,923.99999999,913.49000001,916.63173095,30.92487829
2017-01-23 22:00:00,923.22260419,923.37343281,923.22260419,923.37343281,0.001
2017-01-23 23:00:00,920.0,923.29200001,915.0,917.0,6.3330554
2017-01-24 01:00:00,919.99999983,921.74336165,917.31816021,918.25285484,9.85837234
2017-01-24 02:00:00,920.0991549,921.78312391,918.25285485,918.49796833,7.37239549
2017-01-24 03:00:00,919.99999981,920.89999999,916.44525227,917.90419447,16.69002227
2017-01-24 04:00:00,916.04000067,918.79999999,916.03,918.78998298,8.22259139
2017-01-24 05:00:00,917.20000001,919.99999999,916.77651613,919.9889947,7.83158428
2017-01-24 06:00:00,919.9889947,919.99999999,916.99999903,918.0,24.44527574
2017-01-24 07:00:00,918.00000002,922.0,912.22165,912.22165,72.54384596
2017-01-24 08:00:00,912.22165,913.83830686,898.4543808,903.89999994,161.67353549
2017-01-24 09:00:00,905.00999999,905.754,905.0,905.0,12.78637854
2017-01-24 10:00:00,899.9499035,906.57554399,899.94990338,906.57554399,0.91102235
2017-01-24 13:00:00,916.24205125,916.24205125,916.24205124,916.24205124,0.64155662
2017-01-24 14:00:00,916.0,916.0,916.0,916.0,0.04676814
2017-01-24 15:00:00,915.26015635,915.26015635,915.00000162,915.00000162,0.00645702
2017-01-24 16:00:00,915.00000243,917.22220534,913.57441476,914.85302015,2.23025136
2017-01-24 17:00:00,917.9999994,917.9999994,912.121895,912.121895,0.13000034
2017-01-24 18:00:00,896.0,896.5,895.70306385,895.70306385,0.94023516
2017-01-24 19:00:00,899.78998733,901.76857984,899.78998733,901.44449047,2.69226314
2017-01-24 20:00:00,907.0,908.26022798,902.40000002,905.51363956,19.44470136
2017-01-24 21:00:00,905.51363847,907.48999998,902.3,906.41604486,60.93467193
2017-01-24 22:00:00,905.99999951,905.99999951,899.0,901.29000231,55.97872412
2017-01-24 23:00:00,901.29000231,904.1831307,900.0,902.5,59.50428828
2017-01-25 00:00:00,900.50000476,907.99999999,900.50000476,907.89999963,25.55495067
2017-01-25 02:00:00,903.29124045,905.98999989,902.64867214,902.6486774,15.87543668
2017-01-25 03:00:00,904.99999998,904.99999998,902.50000001,903.090001,38.44045482
2017-01-25 04:00:00,903.00000001,903.090001,903.00000001,903.090001,1.10446771
2017-01-25 06:00:00,896.60735602,898.59999998,885.31000087,888.02897513,312.77532646
2017-01-25 07:00:00,888.72817397,892.0,884.281,885.00000008,84.40707792
2017-01-25 08:00:00,885.10000044,888.21233271,885.10000044,886.41988154,0.69920536
2017-01-25 11:00:00,895.0,896.01572809,895.0,896.01572809,0.28226587
2017-01-25 23:00:00,892.98999999,892.98999999,885.26410341,887.0,8.43772761
2017-01-26 00:00:00,887.0,894.00000034,886.52064906,893.82971023,29.20312531
2017-01-26 01:00:00,893.99988739,893.99988739,885.001,893.82970966,84.93310396
2017-01-26 02:00:00,893.82144116,896.29116075,891.3,896.29115751,23.66215252
2017-01-26 03:00:00,896.29115747,896.29115767,893.01,895.76080103,21.32797683
2017-01-26 04:00:00,893.01000002,898.12666992,893.01000002,896.56830308,41.00957129
2017-01-26 05:00:00,896.56829403,897.28237069,894.01,896.79999931,26.77010102
2017-01-26 06:00:00,894.08232001,896.79999768,892.1,893.10000011,22.22880106
2017-01-26 07:00:00,896.01748464,896.01748464,892.1,892.66777263,13.1020582
2017-01-26 08:00:00,892.66777263,896.99999999,892.66777263,893.61671978,13.91917671
2017-01-26 19:00:00,903.0,904.98899999,903.0,904.98899999,4.66172647
2017-01-26 20:00:00,904.012,904.012,904.012,904.012,0.01
2017-01-26 21:00:00,904.02,907.6900444,904.02,907.6900444,0.23249201
2017-01-26 22:00:00,907.98765432,910.6,905.92213168,910.6,0.35028459
2017-01-27 00:00:00,916.5,916.5,913.12513341,914.59999999,0.32693793
2017-01-27 01:00:00,914.0587754,914.97999999,914.0587754,914.97999999,0.68200769
2017-01-27 02:00:00,914.50000059,916.35502166,914.50000059,916.35502166,0.00899558
2017-01-27 03:00:00,912.6000001,916.399999,911.65319379,916.399999,0.54368109
2017-01-27 04:00:00,915.5000011,916.250149,913.00000001,913.00000001,0.67574384
2017-01-27 05:00:00,915.29599999,915.29599999,914.0,915.2959,0.31861022
2017-01-27 06:00:00,915.11285,915.11285,915.00000477,915.00000478,0.27168441
2017-01-27 07:00:00,913.86361703,915.93398967,913.20428821,915.58448341,1.77771472
2017-01-27 08:00:00,915.9999999,917.00000069,913.6182191,916.84999999,0.83291405
2017-01-27 09:00:00,916.0,918.0,914.5000001,917.41,2.82453274
2017-01-27 11:00:00,915.0,916.19310934,915.0,915.9,1.06034356
2017-01-27 13:00:00,912.0,912.0299998,912.0,912.02999961,0.3396453
2017-01-27 14:00:00,912.02999905,912.02999905,912.02999905,912.02999905,0.96275233
2017-01-27 15:00:00,915.90421187,917.18674977,915.90421187,917.18674977,0.27187904
2017-01-27 17:00:00,914.50000001,914.50000001,914.00000001,914.00000001,0.22882226
2017-01-27 18:00:00,916.40768064,916.40768064,916.40768064,916.40768064,0.07441265
2017-01-27 19:00:00,914.54560075,914.54560075,914.54560075,914.54560075,0.00910005
2017-01-27 20:00:00,915.1,917.49999997,915.1,915.10000009,1.35462184
2017-01-27 21:00:00,917.39999999,918.0,914.50171124,917.99999999,18.80595262
2017-01-27 22:00:00,915.70100001,917.99999998,914.50000001,916.959747,27.40527173
2017-01-27 23:00:00,916.17600001,916.17600001,916.17600001,916.17600001,0.00124036
2017-01-28 03:00:00,917.753338,917.753338,917.753338,917.753338,0.08554921
2017-01-28 04:00:00,918.0,918.0,917.0,917.0,0.01992344
2017-01-28 06:00:00,918.0,918.41255499,916.5,918.41255499,0.80220367
2017-01-28 07:00:00,915.0,917.89,915.0,917.02745093,1.83199644
2017-01-28 08:00:00,917.43677507,917.89,917.02745093,917.89,1.9118693
2017-01-28 15:00:00,918.99,919.0,917.85110137,919.0,0.37628737
2017-01-28 16:00:00,919.0,921.0,917.09630132,921.0,3.42824948
2017-01-28 17:00:00,920.51655153,923.80705883,917.7,921.99999999,18.98492626
2017-01-28 19:00:00,921.02221687,922.75200857,920.00000001,922.75200771,65.63709002
2017-01-28 20:00:00,922.75200851,922.99999996,922.25000001,922.75200786,31.67742328
2017-01-28 21:00:00,922.25,922.75200787,919.00000003,922.15151496,23.78901701
2017-01-28 22:00:00,922.15151478,922.15151478,918.18799999,918.76326129,11.0622654
2017-01-28 23:00:00,919.85469339,920.0,918.12000001,919.55,11.16558191
2017-01-29 00:00:00,918.12000001,919.55,917.14000002,917.23050043,1.16780377
2017-01-29 01:00:00,918.0,918.6,916.83494315,916.83494315,1.946848
2017-01-29 02:00:00,916.59999999,916.65532845,916.00100401,916.00100401,0.78056445
2017-01-29 04:00:00,925.99,925.99,921.78454136,921.78454136,0.53460932
2017-01-29 05:00:00,920.52284018,922.73852495,920.52284018,922.73852495,0.02581176
2017-01-29 06:00:00,921.99799923,921.99799923,918.57519764,918.57519764,0.05467132
2017-01-29 07:00:00,920.0,920.0,920.0,920.0,0.59681804
2017-01-29 08:00:00,918.99000001,918.99000001,918.99000001,918.99000001,0.00100594
2017-01-29 12:00:00,921.5,921.5,920.26879984,920.26879984,0.00126103
2017-01-29 13:00:00,919.905,922.0,919.57445183,922.0,0.71697879
2017-01-29 14:00:00,921.84092001,921.99999997,921.84092001,921.99999997,0.01020413
2017-01-29 15:00:00,919.75,919.75,919.75,919.75,0.00128249
2017-01-29 16:00:00,920.7,920.7,920.7,920.7,0.00379829
2017-01-29 17:00:00,919.75,920.75000001,919.75,920.75000001,0.48336835
2017-01-29 19:00:00,920.88,920.88,919.75000003,919.75000003,0.01629579
2017-01-29 20:00:00,919.00000001,919.00000001,919.00000001,919.00000001,0.08859844
2017-01-29 22:00:00,921.67251623,921.67251623,921.49999828,921.49999828,0.05300629
2017-01-29 23:00:00,921.49998903,921.49998903,918.83,918.83,0.00848805
2017-01-30 00:00:00,918.01000001,919.0,918.01000001,919.0,2.88412669
